algorithm,num_queries,num_plans_per_query,num_communities,equal_sizes,density_in_min,density_in_max,density_out,cost_domain_bound,savings_domain_bound,problem_index,opt_time,costs,normalised_costs
DA_tl_20_npart_0,250,30,1,true,0.05,1,0.05,20,10,0,37966.56552696228,3867,1.0
DA_incremental,250,30,1,true,0.05,1,0.05,20,10,0,43351.67720985413,5382,1.3917765709852599
DA_parallel,250,30,1,true,0.05,1,0.05,20,10,0,27848.757181167606,9644,2.4939229376777865
SA_it_1000_npart_0,250,30,1,true,0.05,1,0.05,20,10,0,0,n/a,20
SA_incremental,250,30,1,true,0.05,1,0.05,20,10,0,0,n/a,20
HQA_incremental,250,30,1,true,0.05,1,0.05,20,10,0,0,n/a,20
genetic_200,250,30,1,true,0.05,1,0.05,20,10,0,0,n/a,20
genetic_50,250,30,1,true,0.05,1,0.05,20,10,0,0,n/a,20
hill_climbing,250,30,1,true,0.05,1,0.05,20,10,0,0,n/a,20
DA_tl_20_npart_0,250,30,1,true,0.05,1,0.05,20,10,1,38678.62998199463,3851,1.0
DA_incremental,250,30,1,true,0.05,1,0.05,20,10,1,44334.4326953888,4814,1.250064918203064
DA_parallel,250,30,1,true,0.05,1,0.05,20,10,1,28125.020164489746,9363,2.4313165411581408
SA_it_1000_npart_0,250,30,1,true,0.05,1,0.05,20,10,1,0,n/a,20
SA_incremental,250,30,1,true,0.05,1,0.05,20,10,1,0,n/a,20
genetic_200,250,30,1,true,0.05,1,0.05,20,10,1,0,n/a,20
genetic_50,250,30,1,true,0.05,1,0.05,20,10,1,0,n/a,20
hill_climbing,250,30,1,true,0.05,1,0.05,20,10,1,0,n/a,20
DA_tl_20_npart_0,250,30,1,true,0.05,1,0.05,20,10,2,33929.83468055725,3857,1.0
DA_incremental,250,30,1,true,0.05,1,0.05,20,10,2,41086.680488586426,4795,1.2431941923774954
DA_parallel,250,30,1,true,0.05,1,0.05,20,10,2,26332.525053024292,8665,2.2465646875810217
SA_it_1000_npart_0,250,30,1,true,0.05,1,0.05,20,10,2,0,n/a,20
SA_incremental,250,30,1,true,0.05,1,0.05,20,10,2,0,n/a,20
genetic_200,250,30,1,true,0.05,1,0.05,20,10,2,0,n/a,20
genetic_50,250,30,1,true,0.05,1,0.05,20,10,2,0,n/a,20
hill_climbing,250,30,1,true,0.05,1,0.05,20,10,2,0,n/a,20
DA_tl_20_npart_0,250,30,1,false,0.05,1,0.05,20,10,0,37966.56552696228,3867,1.0
DA_incremental,250,30,1,false,0.05,1,0.05,20,10,0,43351.67720985413,5382,1.3917765709852599
DA_parallel,250,30,1,false,0.05,1,0.05,20,10,0,27848.757181167606,9644,2.4939229376777865
SA_it_1000_npart_0,250,30,1,false,0.05,1,0.05,20,10,0,0,n/a,20
SA_incremental,250,30,1,false,0.05,1,0.05,20,10,0,0,n/a,20
HQA_incremental,250,30,1,false,0.05,1,0.05,20,10,0,0,n/a,20
genetic_200,250,30,1,false,0.05,1,0.05,20,10,0,0,n/a,20
genetic_50,250,30,1,false,0.05,1,0.05,20,10,0,0,n/a,20
hill_climbing,250,30,1,false,0.05,1,0.05,20,10,0,0,n/a,20
DA_tl_20_npart_0,250,30,1,false,0.05,1,0.05,20,10,1,38678.62998199463,3851,1.0
DA_incremental,250,30,1,false,0.05,1,0.05,20,10,1,44334.4326953888,4814,1.250064918203064
DA_parallel,250,30,1,false,0.05,1,0.05,20,10,1,28125.020164489746,9363,2.4313165411581408
SA_it_1000_npart_0,250,30,1,false,0.05,1,0.05,20,10,1,0,n/a,20
SA_incremental,250,30,1,false,0.05,1,0.05,20,10,1,0,n/a,20
genetic_200,250,30,1,false,0.05,1,0.05,20,10,1,0,n/a,20
genetic_50,250,30,1,false,0.05,1,0.05,20,10,1,0,n/a,20
hill_climbing,250,30,1,false,0.05,1,0.05,20,10,1,0,n/a,20
DA_tl_20_npart_0,250,30,1,false,0.05,1,0.05,20,10,2,33929.83468055725,3857,1.0
DA_incremental,250,30,1,false,0.05,1,0.05,20,10,2,41086.680488586426,4795,1.2431941923774954
DA_parallel,250,30,1,false,0.05,1,0.05,20,10,2,26332.525053024292,8665,2.2465646875810217
SA_it_1000_npart_0,250,30,1,false,0.05,1,0.05,20,10,2,0,n/a,20
SA_incremental,250,30,1,false,0.05,1,0.05,20,10,2,0,n/a,20
genetic_200,250,30,1,false,0.05,1,0.05,20,10,2,0,n/a,20
genetic_50,250,30,1,false,0.05,1,0.05,20,10,2,0,n/a,20
hill_climbing,250,30,1,false,0.05,1,0.05,20,10,2,0,n/a,20
DA_tl_20_npart_0,250,30,2,true,0.05,1,0.05,20,10,0,31241.22674369812,4396,1.1682168482593676
DA_incremental,250,30,2,true,0.05,1,0.05,20,10,0,42597.29848670959,3763,1.0
DA_parallel,250,30,2,true,0.05,1,0.05,20,10,0,27331.756637573242,4566,1.2133935689609354
SA_it_1000_npart_0,250,30,2,true,0.05,1,0.05,20,10,0,0,n/a,20
SA_incremental,250,30,2,true,0.05,1,0.05,20,10,0,0,n/a,20
HQA_incremental,250,30,2,true,0.05,1,0.05,20,10,0,0,n/a,20
genetic_200,250,30,2,true,0.05,1,0.05,20,10,0,0,n/a,20
genetic_50,250,30,2,true,0.05,1,0.05,20,10,0,0,n/a,20
hill_climbing,250,30,2,true,0.05,1,0.05,20,10,0,0,n/a,20
DA_tl_20_npart_0,250,30,2,true,0.05,1,0.05,20,10,1,28162.774173736572,4649,1.2208508403361344
DA_incremental,250,30,2,true,0.05,1,0.05,20,10,1,39822.12886810302,3808,1.0
DA_parallel,250,30,2,true,0.05,1,0.05,20,10,1,27349.754905700684,5130,1.3471638655462186
SA_it_1000_npart_0,250,30,2,true,0.05,1,0.05,20,10,1,0,n/a,20
SA_incremental,250,30,2,true,0.05,1,0.05,20,10,1,0,n/a,20
genetic_200,250,30,2,true,0.05,1,0.05,20,10,1,0,n/a,20
genetic_50,250,30,2,true,0.05,1,0.05,20,10,1,0,n/a,20
hill_climbing,250,30,2,true,0.05,1,0.05,20,10,1,0,n/a,20
DA_tl_20_npart_0,250,30,2,true,0.05,1,0.05,20,10,2,31532.38737678528,4227,1.0612603565151895
DA_incremental,250,30,2,true,0.05,1,0.05,20,10,2,43369.276849746704,3983,1.0
DA_parallel,250,30,2,true,0.05,1,0.05,20,10,2,27831.87989425659,4981,1.2505649008285211
SA_it_1000_npart_0,250,30,2,true,0.05,1,0.05,20,10,2,0,n/a,20
SA_incremental,250,30,2,true,0.05,1,0.05,20,10,2,0,n/a,20
genetic_200,250,30,2,true,0.05,1,0.05,20,10,2,0,n/a,20
genetic_50,250,30,2,true,0.05,1,0.05,20,10,2,0,n/a,20
hill_climbing,250,30,2,true,0.05,1,0.05,20,10,2,0,n/a,20
DA_tl_20_npart_0,250,30,2,false,0.05,1,0.05,20,10,0,29904.013193130493,5096,1.2778335005015045
DA_incremental,250,30,2,false,0.05,1,0.05,20,10,0,43993.471736907966,3988,1.0
DA_parallel,250,30,2,false,0.05,1,0.05,20,10,0,29056.46208190918,4889,1.2259277833500501
SA_it_1000_npart_0,250,30,2,false,0.05,1,0.05,20,10,0,0,n/a,20
SA_incremental,250,30,2,false,0.05,1,0.05,20,10,0,0,n/a,20
HQA_incremental,250,30,2,false,0.05,1,0.05,20,10,0,0,n/a,20
genetic_200,250,30,2,false,0.05,1,0.05,20,10,0,0,n/a,20
genetic_50,250,30,2,false,0.05,1,0.05,20,10,0,0,n/a,20
hill_climbing,250,30,2,false,0.05,1,0.05,20,10,0,0,n/a,20
DA_tl_20_npart_0,250,30,2,false,0.05,1,0.05,20,10,1,35115.20874977112,4935,1.2699433865156973
DA_incremental,250,30,2,false,0.05,1,0.05,20,10,1,46704.981662750244,3886,1.0
DA_parallel,250,30,2,false,0.05,1,0.05,20,10,1,34382.286125183105,4177,1.074884199691199
SA_it_1000_npart_0,250,30,2,false,0.05,1,0.05,20,10,1,0,n/a,20
SA_incremental,250,30,2,false,0.05,1,0.05,20,10,1,0,n/a,20
genetic_200,250,30,2,false,0.05,1,0.05,20,10,1,0,n/a,20
genetic_50,250,30,2,false,0.05,1,0.05,20,10,1,0,n/a,20
hill_climbing,250,30,2,false,0.05,1,0.05,20,10,1,0,n/a,20
DA_tl_20_npart_0,250,30,2,false,0.05,1,0.05,20,10,2,29735.480979919434,4533,1.1995236835141572
DA_incremental,250,30,2,false,0.05,1,0.05,20,10,2,43217.61913871765,3779,1.0
DA_parallel,250,30,2,false,0.05,1,0.05,20,10,2,27867.96335220337,4534,1.1997883037840698
SA_it_1000_npart_0,250,30,2,false,0.05,1,0.05,20,10,2,0,n/a,20
SA_incremental,250,30,2,false,0.05,1,0.05,20,10,2,0,n/a,20
genetic_200,250,30,2,false,0.05,1,0.05,20,10,2,0,n/a,20
genetic_50,250,30,2,false,0.05,1,0.05,20,10,2,0,n/a,20
hill_climbing,250,30,2,false,0.05,1,0.05,20,10,2,0,n/a,20
DA_tl_20_npart_0,250,30,4,true,0.05,1,0.05,20,10,0,23493.878171920776,3797,1.0
DA_incremental,250,30,4,true,0.05,1,0.05,20,10,0,35943.68069267273,3853,1.0147484856465632
DA_parallel,250,30,4,true,0.05,1,0.05,20,10,0,23724.053358078003,5183,1.365025019752436
SA_it_1000_npart_0,250,30,4,true,0.05,1,0.05,20,10,0,0,n/a,20
SA_incremental,250,30,4,true,0.05,1,0.05,20,10,0,0,n/a,20
HQA_incremental,250,30,4,true,0.05,1,0.05,20,10,0,0,n/a,20
genetic_200,250,30,4,true,0.05,1,0.05,20,10,0,0,n/a,20
genetic_50,250,30,4,true,0.05,1,0.05,20,10,0,0,n/a,20
hill_climbing,250,30,4,true,0.05,1,0.05,20,10,0,0,n/a,20
DA_tl_20_npart_0,250,30,4,true,0.05,1,0.05,20,10,1,26612.046236038208,3797,1.0
DA_incremental,250,30,4,true,0.05,1,0.05,20,10,1,37715.713871002205,3955,1.0416117987885172
DA_parallel,250,30,4,true,0.05,1,0.05,20,10,1,24809.70368385315,5108,1.3452725836186463
SA_it_1000_npart_0,250,30,4,true,0.05,1,0.05,20,10,1,0,n/a,20
SA_incremental,250,30,4,true,0.05,1,0.05,20,10,1,0,n/a,20
genetic_200,250,30,4,true,0.05,1,0.05,20,10,1,0,n/a,20
genetic_50,250,30,4,true,0.05,1,0.05,20,10,1,0,n/a,20
hill_climbing,250,30,4,true,0.05,1,0.05,20,10,1,0,n/a,20
DA_tl_20_npart_0,250,30,4,true,0.05,1,0.05,20,10,2,25231.383338928223,3905,1.0
DA_incremental,250,30,4,true,0.05,1,0.05,20,10,2,36968.400411605835,3927,1.0056338028169014
DA_parallel,250,30,4,true,0.05,1,0.05,20,10,2,23952.81536102295,5612,1.4371318822023047
SA_it_1000_npart_0,250,30,4,true,0.05,1,0.05,20,10,2,0,n/a,20
SA_incremental,250,30,4,true,0.05,1,0.05,20,10,2,0,n/a,20
genetic_200,250,30,4,true,0.05,1,0.05,20,10,2,0,n/a,20
genetic_50,250,30,4,true,0.05,1,0.05,20,10,2,0,n/a,20
hill_climbing,250,30,4,true,0.05,1,0.05,20,10,2,0,n/a,20
DA_tl_20_npart_0,250,30,4,false,0.05,1,0.05,20,10,0,29085.67615890503,4339,1.1051961283749363
DA_incremental,250,30,4,false,0.05,1,0.05,20,10,0,41132.61884307862,3926,1.0
DA_parallel,250,30,4,false,0.05,1,0.05,20,10,0,26824.279176712036,4663,1.1877228731533367
SA_it_1000_npart_0,250,30,4,false,0.05,1,0.05,20,10,0,65790.89570045471,15797,4.023688232297504
SA_incremental,250,30,4,false,0.05,1,0.05,20,10,0,11943.455934524536,14700,3.7442689760570556
HQA_incremental,250,30,4,false,0.05,1,0.05,20,10,0,29403.51409312439,11594,2.9531329597554765
genetic_200,250,30,4,false,0.05,1,0.05,20,10,0,300000,13623.0,3.469943963321447
genetic_50,250,30,4,false,0.05,1,0.05,20,10,0,300000,13236.0,3.3713703515028017
hill_climbing,250,30,4,false,0.05,1,0.05,20,10,0,300000,16761.0,4.269230769230769
DA_tl_20_npart_0,250,30,4,false,0.05,1,0.05,20,10,1,30253.812730789185,4412,1.1583092675242845
DA_incremental,250,30,4,false,0.05,1,0.05,20,10,1,41565.982429504395,3809,1.0
DA_parallel,250,30,4,false,0.05,1,0.05,20,10,1,26699.67176437378,5151,1.3523234444736152
SA_it_1000_npart_0,250,30,4,false,0.05,1,0.05,20,10,1,74602.90765762329,15238,4.000525072197427
SA_incremental,250,30,4,false,0.05,1,0.05,20,10,1,13313.633441925049,15052,3.9516933578367026
genetic_200,250,30,4,false,0.05,1,0.05,20,10,1,240000,12910.0,3.389341034392229
genetic_50,250,30,4,false,0.05,1,0.05,20,10,1,300000,12345.0,3.24100813861906
hill_climbing,250,30,4,false,0.05,1,0.05,20,10,1,300000,15864.0,4.164872669992124
DA_tl_20_npart_0,250,30,4,false,0.05,1,0.05,20,10,2,28910.581226348877,4652,1.1807106598984771
DA_incremental,250,30,4,false,0.05,1,0.05,20,10,2,40718.609228134155,3940,1.0
DA_parallel,250,30,4,false,0.05,1,0.05,20,10,2,27484.02199554443,5219,1.3246192893401014
SA_it_1000_npart_0,250,30,4,false,0.05,1,0.05,20,10,2,69307.76000022888,16278,4.131472081218274
SA_incremental,250,30,4,false,0.05,1,0.05,20,10,2,12217.1311378479,15725,3.9911167512690353
genetic_200,250,30,4,false,0.05,1,0.05,20,10,2,300000,13153.0,3.3383248730964468
genetic_50,250,30,4,false,0.05,1,0.05,20,10,2,120000,13718.0,3.481725888324873
hill_climbing,250,30,4,false,0.05,1,0.05,20,10,2,300000,16530.0,4.195431472081219
DA_tl_20_npart_0,250,30,6,true,0.05,1,0.05,20,10,0,25374.59125137329,3773,1.0
DA_incremental,250,30,6,true,0.05,1,0.05,20,10,0,37004.44479560852,4183,1.108666843360721
DA_parallel,250,30,6,true,0.05,1,0.05,20,10,0,24254.34811592102,5494,1.4561357010336602
SA_it_1000_npart_0,250,30,6,true,0.05,1,0.05,20,10,0,0,n/a,20
SA_incremental,250,30,6,true,0.05,1,0.05,20,10,0,0,n/a,20
HQA_incremental,250,30,6,true,0.05,1,0.05,20,10,0,0,n/a,20
genetic_200,250,30,6,true,0.05,1,0.05,20,10,0,0,n/a,20
genetic_50,250,30,6,true,0.05,1,0.05,20,10,0,0,n/a,20
hill_climbing,250,30,6,true,0.05,1,0.05,20,10,0,0,n/a,20
DA_tl_20_npart_0,250,30,6,true,0.05,1,0.05,20,10,1,25425.062448501587,4150,1.079043161726469
DA_incremental,250,30,6,true,0.05,1,0.05,20,10,1,37024.288290023804,3846,1.0
DA_parallel,250,30,6,true,0.05,1,0.05,20,10,1,24250.319091796875,5393,1.4022360894435777
SA_it_1000_npart_0,250,30,6,true,0.05,1,0.05,20,10,1,0,n/a,20
SA_incremental,250,30,6,true,0.05,1,0.05,20,10,1,0,n/a,20
genetic_200,250,30,6,true,0.05,1,0.05,20,10,1,0,n/a,20
genetic_50,250,30,6,true,0.05,1,0.05,20,10,1,0,n/a,20
hill_climbing,250,30,6,true,0.05,1,0.05,20,10,1,0,n/a,20
DA_tl_20_npart_0,250,30,6,true,0.05,1,0.05,20,10,2,25018.271656036377,3969,1.0
DA_incremental,250,30,6,true,0.05,1,0.05,20,10,2,36901.67579460144,4127,1.0398085159989923
DA_parallel,250,30,6,true,0.05,1,0.05,20,10,2,24187.668308258053,5550,1.398337112622827
SA_it_1000_npart_0,250,30,6,true,0.05,1,0.05,20,10,2,0,n/a,20
SA_incremental,250,30,6,true,0.05,1,0.05,20,10,2,0,n/a,20
genetic_200,250,30,6,true,0.05,1,0.05,20,10,2,0,n/a,20
genetic_50,250,30,6,true,0.05,1,0.05,20,10,2,0,n/a,20
hill_climbing,250,30,6,true,0.05,1,0.05,20,10,2,0,n/a,20
DA_tl_20_npart_0,250,30,6,false,0.05,1,0.05,20,10,0,24073.25061225891,3992,1.049421661409043
DA_incremental,250,30,6,false,0.05,1,0.05,20,10,0,37175.086528778076,3804,1.0
DA_parallel,250,30,6,false,0.05,1,0.05,20,10,0,23695.45728874206,5139,1.3509463722397477
SA_it_1000_npart_0,250,30,6,false,0.05,1,0.05,20,10,0,0,n/a,20
SA_incremental,250,30,6,false,0.05,1,0.05,20,10,0,0,n/a,20
HQA_incremental,250,30,6,false,0.05,1,0.05,20,10,0,0,n/a,20
genetic_200,250,30,6,false,0.05,1,0.05,20,10,0,0,n/a,20
genetic_50,250,30,6,false,0.05,1,0.05,20,10,0,0,n/a,20
hill_climbing,250,30,6,false,0.05,1,0.05,20,10,0,0,n/a,20
DA_tl_20_npart_0,250,30,6,false,0.05,1,0.05,20,10,1,26836.263954162598,4086,1.0593725693544205
DA_incremental,250,30,6,false,0.05,1,0.05,20,10,1,38912.8479385376,3857,1.0
DA_parallel,250,30,6,false,0.05,1,0.05,20,10,1,25458.34319114685,5781,1.4988332901218564
SA_it_1000_npart_0,250,30,6,false,0.05,1,0.05,20,10,1,0,n/a,20
SA_incremental,250,30,6,false,0.05,1,0.05,20,10,1,0,n/a,20
genetic_200,250,30,6,false,0.05,1,0.05,20,10,1,0,n/a,20
genetic_50,250,30,6,false,0.05,1,0.05,20,10,1,0,n/a,20
hill_climbing,250,30,6,false,0.05,1,0.05,20,10,1,0,n/a,20
DA_tl_20_npart_0,250,30,6,false,0.05,1,0.05,20,10,2,31531.80170249939,4070,1.0353599592978886
DA_incremental,250,30,6,false,0.05,1,0.05,20,10,2,42615.89624977111,4225,1.07479012973798
DA_parallel,250,30,6,false,0.05,1,0.05,20,10,2,31670.02879714966,3931,1.0
SA_it_1000_npart_0,250,30,6,false,0.05,1,0.05,20,10,2,0,n/a,20
SA_incremental,250,30,6,false,0.05,1,0.05,20,10,2,0,n/a,20
genetic_200,250,30,6,false,0.05,1,0.05,20,10,2,0,n/a,20
genetic_50,250,30,6,false,0.05,1,0.05,20,10,2,0,n/a,20
hill_climbing,250,30,6,false,0.05,1,0.05,20,10,2,0,n/a,20
DA_tl_20_npart_0,250,30,10,true,0.05,1,0.05,20,10,0,23908.786582946777,3969,1.0
DA_incremental,250,30,10,true,0.05,1,0.05,20,10,0,36584.4967212677,4339,1.093222474174855
DA_parallel,250,30,10,true,0.05,1,0.05,20,10,0,24224.674180984497,5787,1.4580498866213152
SA_it_1000_npart_0,250,30,10,true,0.05,1,0.05,20,10,0,0,n/a,20
SA_incremental,250,30,10,true,0.05,1,0.05,20,10,0,0,n/a,20
HQA_incremental,250,30,10,true,0.05,1,0.05,20,10,0,0,n/a,20
genetic_200,250,30,10,true,0.05,1,0.05,20,10,0,0,n/a,20
genetic_50,250,30,10,true,0.05,1,0.05,20,10,0,0,n/a,20
hill_climbing,250,30,10,true,0.05,1,0.05,20,10,0,0,n/a,20
DA_tl_20_npart_0,250,30,10,true,0.05,1,0.05,20,10,1,24595.342958450317,4287,1.1199059561128526
DA_incremental,250,30,10,true,0.05,1,0.05,20,10,1,36940.03347969055,3828,1.0
DA_parallel,250,30,10,true,0.05,1,0.05,20,10,1,24550.15344810486,5638,1.4728317659352141
SA_it_1000_npart_0,250,30,10,true,0.05,1,0.05,20,10,1,0,n/a,20
SA_incremental,250,30,10,true,0.05,1,0.05,20,10,1,0,n/a,20
genetic_200,250,30,10,true,0.05,1,0.05,20,10,1,0,n/a,20
genetic_50,250,30,10,true,0.05,1,0.05,20,10,1,0,n/a,20
hill_climbing,250,30,10,true,0.05,1,0.05,20,10,1,0,n/a,20
DA_tl_20_npart_0,250,30,10,true,0.05,1,0.05,20,10,2,24447.443674087524,3805,1.0
DA_incremental,250,30,10,true,0.05,1,0.05,20,10,2,36895.41720199585,4086,1.073850197109067
DA_parallel,250,30,10,true,0.05,1,0.05,20,10,2,24128.44689559937,5708,1.500131406044678
SA_it_1000_npart_0,250,30,10,true,0.05,1,0.05,20,10,2,0,n/a,20
SA_incremental,250,30,10,true,0.05,1,0.05,20,10,2,0,n/a,20
genetic_200,250,30,10,true,0.05,1,0.05,20,10,2,0,n/a,20
genetic_50,250,30,10,true,0.05,1,0.05,20,10,2,0,n/a,20
hill_climbing,250,30,10,true,0.05,1,0.05,20,10,2,0,n/a,20
DA_tl_20_npart_0,250,30,10,false,0.05,1,0.05,20,10,0,25101.553228378296,3925,1.0
DA_incremental,250,30,10,false,0.05,1,0.05,20,10,0,37937.915493011475,4141,1.0550318471337579
DA_parallel,250,30,10,false,0.05,1,0.05,20,10,0,24887.531415939327,5231,1.3327388535031848
SA_it_1000_npart_0,250,30,10,false,0.05,1,0.05,20,10,0,0,n/a,20
SA_incremental,250,30,10,false,0.05,1,0.05,20,10,0,0,n/a,20
HQA_incremental,250,30,10,false,0.05,1,0.05,20,10,0,0,n/a,20
genetic_200,250,30,10,false,0.05,1,0.05,20,10,0,0,n/a,20
genetic_50,250,30,10,false,0.05,1,0.05,20,10,0,0,n/a,20
hill_climbing,250,30,10,false,0.05,1,0.05,20,10,0,0,n/a,20
DA_tl_20_npart_0,250,30,10,false,0.05,1,0.05,20,10,1,24886.78088760376,3859,1.0
DA_incremental,250,30,10,false,0.05,1,0.05,20,10,1,36895.02416038513,4238,1.098211972013475
DA_parallel,250,30,10,false,0.05,1,0.05,20,10,1,23713.27113723755,5363,1.3897382741642912
SA_it_1000_npart_0,250,30,10,false,0.05,1,0.05,20,10,1,0,n/a,20
SA_incremental,250,30,10,false,0.05,1,0.05,20,10,1,0,n/a,20
genetic_200,250,30,10,false,0.05,1,0.05,20,10,1,0,n/a,20
genetic_50,250,30,10,false,0.05,1,0.05,20,10,1,0,n/a,20
hill_climbing,250,30,10,false,0.05,1,0.05,20,10,1,0,n/a,20
DA_tl_20_npart_0,250,30,10,false,0.05,1,0.05,20,10,2,26305.864944458008,3860,1.0
DA_incremental,250,30,10,false,0.05,1,0.05,20,10,2,39129.00805282592,3883,1.005958549222798
DA_parallel,250,30,10,false,0.05,1,0.05,20,10,2,24840.565435409546,5285,1.3691709844559585
SA_it_1000_npart_0,250,30,10,false,0.05,1,0.05,20,10,2,0,n/a,20
SA_incremental,250,30,10,false,0.05,1,0.05,20,10,2,0,n/a,20
genetic_200,250,30,10,false,0.05,1,0.05,20,10,2,0,n/a,20
genetic_50,250,30,10,false,0.05,1,0.05,20,10,2,0,n/a,20
hill_climbing,250,30,10,false,0.05,1,0.05,20,10,2,0,n/a,20
DA_tl_20_npart_0,500,30,1,true,0.05,1,0.05,20,10,0,79575.50747299194,3775,1.0
DA_incremental,500,30,1,true,0.05,1,0.05,20,10,0,76230.05745124817,5936,1.5724503311258278
DA_parallel,500,30,1,true,0.05,1,0.05,20,10,0,44825.604108810425,19190,5.083443708609272
SA_it_1000_npart_0,500,30,1,true,0.05,1,0.05,20,10,0,0,n/a,20
SA_incremental,500,30,1,true,0.05,1,0.05,20,10,0,0,n/a,20
HQA_incremental,500,30,1,true,0.05,1,0.05,20,10,0,0,n/a,20
genetic_200,500,30,1,true,0.05,1,0.05,20,10,0,0,n/a,20
genetic_50,500,30,1,true,0.05,1,0.05,20,10,0,0,n/a,20
hill_climbing,500,30,1,true,0.05,1,0.05,20,10,0,0,n/a,20
DA_tl_20_npart_0,500,30,1,true,0.05,1,0.05,20,10,1,74726.57593154907,3988,1.0
DA_incremental,500,30,1,true,0.05,1,0.05,20,10,1,74752.30798339844,7646,1.9172517552657975
DA_parallel,500,30,1,true,0.05,1,0.05,20,10,1,46443.476638793945,18967,4.756018054162487
SA_it_1000_npart_0,500,30,1,true,0.05,1,0.05,20,10,1,0,n/a,20
SA_incremental,500,30,1,true,0.05,1,0.05,20,10,1,0,n/a,20
genetic_200,500,30,1,true,0.05,1,0.05,20,10,1,0,n/a,20
genetic_50,500,30,1,true,0.05,1,0.05,20,10,1,0,n/a,20
hill_climbing,500,30,1,true,0.05,1,0.05,20,10,1,0,n/a,20
DA_tl_20_npart_0,500,30,1,true,0.05,1,0.05,20,10,2,95417.99181175232,3675,1.0
DA_incremental,500,30,1,true,0.05,1,0.05,20,10,2,85854.65996932983,6045,1.6448979591836734
DA_parallel,500,30,1,true,0.05,1,0.05,20,10,2,50544.749433517456,18923,5.149115646258504
SA_it_1000_npart_0,500,30,1,true,0.05,1,0.05,20,10,2,0,n/a,20
SA_incremental,500,30,1,true,0.05,1,0.05,20,10,2,0,n/a,20
genetic_200,500,30,1,true,0.05,1,0.05,20,10,2,0,n/a,20
genetic_50,500,30,1,true,0.05,1,0.05,20,10,2,0,n/a,20
hill_climbing,500,30,1,true,0.05,1,0.05,20,10,2,0,n/a,20
DA_tl_20_npart_0,500,30,1,false,0.05,1,0.05,20,10,0,79575.50747299194,3775,1.0
DA_incremental,500,30,1,false,0.05,1,0.05,20,10,0,76230.05745124817,5936,1.5724503311258278
DA_parallel,500,30,1,false,0.05,1,0.05,20,10,0,44825.604108810425,19190,5.083443708609272
SA_it_1000_npart_0,500,30,1,false,0.05,1,0.05,20,10,0,0,n/a,20
SA_incremental,500,30,1,false,0.05,1,0.05,20,10,0,0,n/a,20
HQA_incremental,500,30,1,false,0.05,1,0.05,20,10,0,0,n/a,20
genetic_200,500,30,1,false,0.05,1,0.05,20,10,0,0,n/a,20
genetic_50,500,30,1,false,0.05,1,0.05,20,10,0,0,n/a,20
hill_climbing,500,30,1,false,0.05,1,0.05,20,10,0,0,n/a,20
DA_tl_20_npart_0,500,30,1,false,0.05,1,0.05,20,10,1,74726.57593154907,3988,1.0
DA_incremental,500,30,1,false,0.05,1,0.05,20,10,1,74752.30798339844,7646,1.9172517552657975
DA_parallel,500,30,1,false,0.05,1,0.05,20,10,1,46443.476638793945,18967,4.756018054162487
SA_it_1000_npart_0,500,30,1,false,0.05,1,0.05,20,10,1,0,n/a,20
SA_incremental,500,30,1,false,0.05,1,0.05,20,10,1,0,n/a,20
genetic_200,500,30,1,false,0.05,1,0.05,20,10,1,0,n/a,20
genetic_50,500,30,1,false,0.05,1,0.05,20,10,1,0,n/a,20
hill_climbing,500,30,1,false,0.05,1,0.05,20,10,1,0,n/a,20
DA_tl_20_npart_0,500,30,1,false,0.05,1,0.05,20,10,2,95417.99181175232,3675,1.0
DA_incremental,500,30,1,false,0.05,1,0.05,20,10,2,85854.65996932983,6045,1.6448979591836734
DA_parallel,500,30,1,false,0.05,1,0.05,20,10,2,50544.749433517456,18923,5.149115646258504
SA_it_1000_npart_0,500,30,1,false,0.05,1,0.05,20,10,2,0,n/a,20
SA_incremental,500,30,1,false,0.05,1,0.05,20,10,2,0,n/a,20
genetic_200,500,30,1,false,0.05,1,0.05,20,10,2,0,n/a,20
genetic_50,500,30,1,false,0.05,1,0.05,20,10,2,0,n/a,20
hill_climbing,500,30,1,false,0.05,1,0.05,20,10,2,0,n/a,20
DA_tl_20_npart_0,500,30,2,true,0.05,1,0.05,20,10,0,51488.350772857666,6444,1.74256354786371
DA_incremental,500,30,2,true,0.05,1,0.05,20,10,0,71314.45859718323,3698,1.0
DA_parallel,500,30,2,true,0.05,1,0.05,20,10,0,45842.27790069581,7773,2.1019469983775014
SA_it_1000_npart_0,500,30,2,true,0.05,1,0.05,20,10,0,0,n/a,20
SA_incremental,500,30,2,true,0.05,1,0.05,20,10,0,0,n/a,20
HQA_incremental,500,30,2,true,0.05,1,0.05,20,10,0,0,n/a,20
genetic_200,500,30,2,true,0.05,1,0.05,20,10,0,0,n/a,20
genetic_50,500,30,2,true,0.05,1,0.05,20,10,0,0,n/a,20
hill_climbing,500,30,2,true,0.05,1,0.05,20,10,0,0,n/a,20
DA_tl_20_npart_0,500,30,2,true,0.05,1,0.05,20,10,1,69909.72855758667,6172,1.7544059124502558
DA_incremental,500,30,2,true,0.05,1,0.05,20,10,1,83845.77927398682,3518,1.0
DA_parallel,500,30,2,true,0.05,1,0.05,20,10,1,49455.6537952423,6112,1.7373507674815236
SA_it_1000_npart_0,500,30,2,true,0.05,1,0.05,20,10,1,0,n/a,20
SA_incremental,500,30,2,true,0.05,1,0.05,20,10,1,0,n/a,20
genetic_200,500,30,2,true,0.05,1,0.05,20,10,1,0,n/a,20
genetic_50,500,30,2,true,0.05,1,0.05,20,10,1,0,n/a,20
hill_climbing,500,30,2,true,0.05,1,0.05,20,10,1,0,n/a,20
DA_tl_20_npart_0,500,30,2,true,0.05,1,0.05,20,10,2,37836.319969177246,4859,1.3125337655321447
DA_incremental,500,30,2,true,0.05,1,0.05,20,10,2,57548.72020149232,3702,1.0
DA_parallel,500,30,2,true,0.05,1,0.05,20,10,2,36562.04720306397,7227,1.9521880064829822
SA_it_1000_npart_0,500,30,2,true,0.05,1,0.05,20,10,2,0,n/a,20
SA_incremental,500,30,2,true,0.05,1,0.05,20,10,2,0,n/a,20
genetic_200,500,30,2,true,0.05,1,0.05,20,10,2,0,n/a,20
genetic_50,500,30,2,true,0.05,1,0.05,20,10,2,0,n/a,20
hill_climbing,500,30,2,true,0.05,1,0.05,20,10,2,0,n/a,20
DA_tl_20_npart_0,500,30,2,false,0.05,1,0.05,20,10,0,58958.39801597595,6094,1.5633658286300667
DA_incremental,500,30,2,false,0.05,1,0.05,20,10,0,81084.55618858337,3898,1.0
DA_parallel,500,30,2,false,0.05,1,0.05,20,10,0,61786.01650047302,6127,1.5718317085684967
SA_it_1000_npart_0,500,30,2,false,0.05,1,0.05,20,10,0,0,n/a,20
SA_incremental,500,30,2,false,0.05,1,0.05,20,10,0,0,n/a,20
HQA_incremental,500,30,2,false,0.05,1,0.05,20,10,0,0,n/a,20
genetic_200,500,30,2,false,0.05,1,0.05,20,10,0,0,n/a,20
genetic_50,500,30,2,false,0.05,1,0.05,20,10,0,0,n/a,20
hill_climbing,500,30,2,false,0.05,1,0.05,20,10,0,0,n/a,20
DA_tl_20_npart_0,500,30,2,false,0.05,1,0.05,20,10,1,59277.29514312744,6143,1.5481350806451613
DA_incremental,500,30,2,false,0.05,1,0.05,20,10,1,74930.28748130798,3968,1.0
DA_parallel,500,30,2,false,0.05,1,0.05,20,10,1,44724.76345252991,14355,3.6176915322580645
SA_it_1000_npart_0,500,30,2,false,0.05,1,0.05,20,10,1,0,n/a,20
SA_incremental,500,30,2,false,0.05,1,0.05,20,10,1,0,n/a,20
genetic_200,500,30,2,false,0.05,1,0.05,20,10,1,0,n/a,20
genetic_50,500,30,2,false,0.05,1,0.05,20,10,1,0,n/a,20
hill_climbing,500,30,2,false,0.05,1,0.05,20,10,1,0,n/a,20
DA_tl_20_npart_0,500,30,2,false,0.05,1,0.05,20,10,2,46718.90334701538,6411,1.72385049744555
DA_incremental,500,30,2,false,0.05,1,0.05,20,10,2,71526.85881996155,3719,1.0
DA_parallel,500,30,2,false,0.05,1,0.05,20,10,2,43921.96689796448,8897,2.392309760688357
SA_it_1000_npart_0,500,30,2,false,0.05,1,0.05,20,10,2,0,n/a,20
SA_incremental,500,30,2,false,0.05,1,0.05,20,10,2,0,n/a,20
genetic_200,500,30,2,false,0.05,1,0.05,20,10,2,0,n/a,20
genetic_50,500,30,2,false,0.05,1,0.05,20,10,2,0,n/a,20
hill_climbing,500,30,2,false,0.05,1,0.05,20,10,2,0,n/a,20
DA_tl_20_npart_0,500,30,4,true,0.05,1,0.05,20,10,0,41559.84622955322,5683,1.438006072874494
DA_incremental,500,30,4,true,0.05,1,0.05,20,10,0,58033.636724472046,3952,1.0
DA_parallel,500,30,4,true,0.05,1,0.05,20,10,0,39899.3717212677,7705,1.9496457489878543
SA_it_1000_npart_0,500,30,4,true,0.05,1,0.05,20,10,0,0,n/a,20
SA_incremental,500,30,4,true,0.05,1,0.05,20,10,0,0,n/a,20
HQA_incremental,500,30,4,true,0.05,1,0.05,20,10,0,0,n/a,20
genetic_200,500,30,4,true,0.05,1,0.05,20,10,0,0,n/a,20
genetic_50,500,30,4,true,0.05,1,0.05,20,10,0,0,n/a,20
hill_climbing,500,30,4,true,0.05,1,0.05,20,10,0,0,n/a,20
DA_tl_20_npart_0,500,30,4,true,0.05,1,0.05,20,10,1,45509.26238822937,4249,1.1013478486262311
DA_incremental,500,30,4,true,0.05,1,0.05,20,10,1,70083.13851165773,3858,1.0
DA_parallel,500,30,4,true,0.05,1,0.05,20,10,1,39538.28977203369,7302,1.8926905132192846
SA_it_1000_npart_0,500,30,4,true,0.05,1,0.05,20,10,1,0,n/a,20
SA_incremental,500,30,4,true,0.05,1,0.05,20,10,1,0,n/a,20
genetic_200,500,30,4,true,0.05,1,0.05,20,10,1,0,n/a,20
genetic_50,500,30,4,true,0.05,1,0.05,20,10,1,0,n/a,20
hill_climbing,500,30,4,true,0.05,1,0.05,20,10,1,0,n/a,20
DA_tl_20_npart_0,500,30,4,true,0.05,1,0.05,20,10,2,46295.9522857666,5879,1.635781858653311
DA_incremental,500,30,4,true,0.05,1,0.05,20,10,2,66260.35125923157,3594,1.0
DA_parallel,500,30,4,true,0.05,1,0.05,20,10,2,40494.09815788269,7200,2.003338898163606
SA_it_1000_npart_0,500,30,4,true,0.05,1,0.05,20,10,2,0,n/a,20
SA_incremental,500,30,4,true,0.05,1,0.05,20,10,2,0,n/a,20
genetic_200,500,30,4,true,0.05,1,0.05,20,10,2,0,n/a,20
genetic_50,500,30,4,true,0.05,1,0.05,20,10,2,0,n/a,20
hill_climbing,500,30,4,true,0.05,1,0.05,20,10,2,0,n/a,20
DA_tl_20_npart_0,500,30,4,false,0.05,1,0.05,20,10,0,50989.7436542511,4781,1.3145449546329393
DA_incremental,500,30,4,false,0.05,1,0.05,20,10,0,74167.50875091551,3637,1.0
DA_parallel,500,30,4,false,0.05,1,0.05,20,10,0,46227.87156295776,6397,1.758867198240308
SA_it_1000_npart_0,500,30,4,false,0.05,1,0.05,20,10,0,258720.48044204712,36970,10.16497113005224
SA_incremental,500,30,4,false,0.05,1,0.05,20,10,0,49942.280769348145,35564,9.778388781963157
HQA_incremental,500,30,4,false,0.05,1,0.05,20,10,0,56342.85468487549,28783,7.913940060489415
genetic_200,500,30,4,false,0.05,1,0.05,20,10,0,300000,36791.0,10.11575474291999
genetic_50,500,30,4,false,0.05,1,0.05,20,10,0,300000,33905.0,9.32224360736871
hill_climbing,500,30,4,false,0.05,1,0.05,20,10,0,300000,41559.0,11.426725323068464
DA_tl_20_npart_0,500,30,4,false,0.05,1,0.05,20,10,1,47573.31951332092,6338,1.7630041724617525
DA_incremental,500,30,4,false,0.05,1,0.05,20,10,1,69069.69545173645,3595,1.0
DA_parallel,500,30,4,false,0.05,1,0.05,20,10,1,41902.98271560669,9409,2.6172461752433938
SA_it_1000_npart_0,500,30,4,false,0.05,1,0.05,20,10,1,194790.64393043518,38113,10.601668984700973
SA_incremental,500,30,4,false,0.05,1,0.05,20,10,1,43109.52186584473,36163,10.059248956884561
genetic_200,500,30,4,false,0.05,1,0.05,20,10,1,300000,37330.0,10.383866481223922
genetic_50,500,30,4,false,0.05,1,0.05,20,10,1,240000,34838.0,9.69068150208623
hill_climbing,500,30,4,false,0.05,1,0.05,20,10,1,300000,41649.0,11.585257301808067
DA_tl_20_npart_0,500,30,4,false,0.05,1,0.05,20,10,2,65603.69635009767,4790,1.2238119570771588
DA_incremental,500,30,4,false,0.05,1,0.05,20,10,2,76050.18475723267,3914,1.0
DA_parallel,500,30,4,false,0.05,1,0.05,20,10,2,60086.75651168823,5965,1.524016351558508
SA_it_1000_npart_0,500,30,4,false,0.05,1,0.05,20,10,2,404793.4579849243,39205,10.016607051609606
SA_incremental,500,30,4,false,0.05,1,0.05,20,10,2,66900.67648887634,38178,9.754215636177824
genetic_200,500,30,4,false,0.05,1,0.05,20,10,2,300000,38400.0,9.810935104752172
genetic_50,500,30,4,false,0.05,1,0.05,20,10,2,300000,33659.0,8.59964230965764
hill_climbing,500,30,4,false,0.05,1,0.05,20,10,2,300000,42343.0,10.818344404701072
DA_tl_20_npart_0,500,30,6,true,0.05,1,0.05,20,10,0,42075.47230911255,3946,1.0447445062218692
DA_incremental,500,30,6,true,0.05,1,0.05,20,10,0,61722.26254653931,3777,1.0
DA_parallel,500,30,6,true,0.05,1,0.05,20,10,0,39895.251163482666,7454,1.973523960815462
SA_it_1000_npart_0,500,30,6,true,0.05,1,0.05,20,10,0,0,n/a,20
SA_incremental,500,30,6,true,0.05,1,0.05,20,10,0,0,n/a,20
HQA_incremental,500,30,6,true,0.05,1,0.05,20,10,0,0,n/a,20
genetic_200,500,30,6,true,0.05,1,0.05,20,10,0,0,n/a,20
genetic_50,500,30,6,true,0.05,1,0.05,20,10,0,0,n/a,20
hill_climbing,500,30,6,true,0.05,1,0.05,20,10,0,0,n/a,20
DA_tl_20_npart_0,500,30,6,true,0.05,1,0.05,20,10,1,40153.4753780365,3695,1.0
DA_incremental,500,30,6,true,0.05,1,0.05,20,10,1,58179.218225479126,3850,1.0419485791610283
DA_parallel,500,30,6,true,0.05,1,0.05,20,10,1,37598.641969680786,8654,2.342083897158322
SA_it_1000_npart_0,500,30,6,true,0.05,1,0.05,20,10,1,0,n/a,20
SA_incremental,500,30,6,true,0.05,1,0.05,20,10,1,0,n/a,20
genetic_200,500,30,6,true,0.05,1,0.05,20,10,1,0,n/a,20
genetic_50,500,30,6,true,0.05,1,0.05,20,10,1,0,n/a,20
hill_climbing,500,30,6,true,0.05,1,0.05,20,10,1,0,n/a,20
DA_tl_20_npart_0,500,30,6,true,0.05,1,0.05,20,10,2,42693.87160873413,3853,1.0492919389978212
DA_incremental,500,30,6,true,0.05,1,0.05,20,10,2,62740.27980804443,3672,1.0
DA_parallel,500,30,6,true,0.05,1,0.05,20,10,2,39295.41816329956,7876,2.144880174291939
SA_it_1000_npart_0,500,30,6,true,0.05,1,0.05,20,10,2,0,n/a,20
SA_incremental,500,30,6,true,0.05,1,0.05,20,10,2,0,n/a,20
genetic_200,500,30,6,true,0.05,1,0.05,20,10,2,0,n/a,20
genetic_50,500,30,6,true,0.05,1,0.05,20,10,2,0,n/a,20
hill_climbing,500,30,6,true,0.05,1,0.05,20,10,2,0,n/a,20
DA_tl_20_npart_0,500,30,6,false,0.05,1,0.05,20,10,0,43771.89147758484,4748,1.3397291196388261
DA_incremental,500,30,6,false,0.05,1,0.05,20,10,0,65547.605594635,3544,1.0
DA_parallel,500,30,6,false,0.05,1,0.05,20,10,0,40148.91320991516,9245,2.6086343115124153
SA_it_1000_npart_0,500,30,6,false,0.05,1,0.05,20,10,0,0,n/a,20
SA_incremental,500,30,6,false,0.05,1,0.05,20,10,0,0,n/a,20
HQA_incremental,500,30,6,false,0.05,1,0.05,20,10,0,0,n/a,20
genetic_200,500,30,6,false,0.05,1,0.05,20,10,0,0,n/a,20
genetic_50,500,30,6,false,0.05,1,0.05,20,10,0,0,n/a,20
hill_climbing,500,30,6,false,0.05,1,0.05,20,10,0,0,n/a,20
DA_tl_20_npart_0,500,30,6,false,0.05,1,0.05,20,10,1,42167.853425979614,6411,1.624683223517486
DA_incremental,500,30,6,false,0.05,1,0.05,20,10,1,64280.74682998659,3946,1.0
DA_parallel,500,30,6,false,0.05,1,0.05,20,10,1,38295.46802330016,9757,2.4726305119107956
SA_it_1000_npart_0,500,30,6,false,0.05,1,0.05,20,10,1,0,n/a,20
SA_incremental,500,30,6,false,0.05,1,0.05,20,10,1,0,n/a,20
genetic_200,500,30,6,false,0.05,1,0.05,20,10,1,0,n/a,20
genetic_50,500,30,6,false,0.05,1,0.05,20,10,1,0,n/a,20
hill_climbing,500,30,6,false,0.05,1,0.05,20,10,1,0,n/a,20
DA_tl_20_npart_0,500,30,6,false,0.05,1,0.05,20,10,2,40151.90891647339,4788,1.313940724478595
DA_incremental,500,30,6,false,0.05,1,0.05,20,10,2,59201.5581741333,3644,1.0
DA_parallel,500,30,6,false,0.05,1,0.05,20,10,2,38774.97936630249,8479,2.3268386388583973
SA_it_1000_npart_0,500,30,6,false,0.05,1,0.05,20,10,2,0,n/a,20
SA_incremental,500,30,6,false,0.05,1,0.05,20,10,2,0,n/a,20
genetic_200,500,30,6,false,0.05,1,0.05,20,10,2,0,n/a,20
genetic_50,500,30,6,false,0.05,1,0.05,20,10,2,0,n/a,20
hill_climbing,500,30,6,false,0.05,1,0.05,20,10,2,0,n/a,20
DA_tl_20_npart_0,500,30,10,true,0.05,1,0.05,20,10,0,37137.28646850586,3863,1.0851123595505618
DA_incremental,500,30,10,true,0.05,1,0.05,20,10,0,56642.85220146179,3560,1.0
DA_parallel,500,30,10,true,0.05,1,0.05,20,10,0,35532.16518783569,7835,2.2008426966292136
SA_it_1000_npart_0,500,30,10,true,0.05,1,0.05,20,10,0,0,n/a,20
SA_incremental,500,30,10,true,0.05,1,0.05,20,10,0,0,n/a,20
HQA_incremental,500,30,10,true,0.05,1,0.05,20,10,0,0,n/a,20
genetic_200,500,30,10,true,0.05,1,0.05,20,10,0,0,n/a,20
genetic_50,500,30,10,true,0.05,1,0.05,20,10,0,0,n/a,20
hill_climbing,500,30,10,true,0.05,1,0.05,20,10,0,0,n/a,20
DA_tl_20_npart_0,500,30,10,true,0.05,1,0.05,20,10,1,37139.32240486145,3554,1.0
DA_incremental,500,30,10,true,0.05,1,0.05,20,10,1,56846.0408782959,3579,1.0070343275182891
DA_parallel,500,30,10,true,0.05,1,0.05,20,10,1,35826.142194747925,9247,2.6018570624648283
SA_it_1000_npart_0,500,30,10,true,0.05,1,0.05,20,10,1,0,n/a,20
SA_incremental,500,30,10,true,0.05,1,0.05,20,10,1,0,n/a,20
genetic_200,500,30,10,true,0.05,1,0.05,20,10,1,0,n/a,20
genetic_50,500,30,10,true,0.05,1,0.05,20,10,1,0,n/a,20
hill_climbing,500,30,10,true,0.05,1,0.05,20,10,1,0,n/a,20
DA_tl_20_npart_0,500,30,10,true,0.05,1,0.05,20,10,2,35714.770725250244,3702,1.0
DA_incremental,500,30,10,true,0.05,1,0.05,20,10,2,55901.03231430054,4176,1.1280388978930307
DA_parallel,500,30,10,true,0.05,1,0.05,20,10,2,35170.253410339355,9853,2.661534305780659
SA_it_1000_npart_0,500,30,10,true,0.05,1,0.05,20,10,2,0,n/a,20
SA_incremental,500,30,10,true,0.05,1,0.05,20,10,2,0,n/a,20
genetic_200,500,30,10,true,0.05,1,0.05,20,10,2,0,n/a,20
genetic_50,500,30,10,true,0.05,1,0.05,20,10,2,0,n/a,20
hill_climbing,500,30,10,true,0.05,1,0.05,20,10,2,0,n/a,20
DA_tl_20_npart_0,500,30,10,false,0.05,1,0.05,20,10,0,41750.844831466675,4384,1.118652717529982
DA_incremental,500,30,10,false,0.05,1,0.05,20,10,0,64136.65175056457,3919,1.0
DA_parallel,500,30,10,false,0.05,1,0.05,20,10,0,40030.55838012695,8386,2.139831589691248
SA_it_1000_npart_0,500,30,10,false,0.05,1,0.05,20,10,0,0,n/a,20
SA_incremental,500,30,10,false,0.05,1,0.05,20,10,0,0,n/a,20
HQA_incremental,500,30,10,false,0.05,1,0.05,20,10,0,0,n/a,20
genetic_200,500,30,10,false,0.05,1,0.05,20,10,0,0,n/a,20
genetic_50,500,30,10,false,0.05,1,0.05,20,10,0,0,n/a,20
hill_climbing,500,30,10,false,0.05,1,0.05,20,10,0,0,n/a,20
DA_tl_20_npart_0,500,30,10,false,0.05,1,0.05,20,10,1,38966.280433654785,4130,1.0808688824914943
DA_incremental,500,30,10,false,0.05,1,0.05,20,10,1,62178.84548187256,3821,1.0
DA_parallel,500,30,10,false,0.05,1,0.05,20,10,1,38781.93945312501,8658,2.265898979324784
SA_it_1000_npart_0,500,30,10,false,0.05,1,0.05,20,10,1,0,n/a,20
SA_incremental,500,30,10,false,0.05,1,0.05,20,10,1,0,n/a,20
genetic_200,500,30,10,false,0.05,1,0.05,20,10,1,0,n/a,20
genetic_50,500,30,10,false,0.05,1,0.05,20,10,1,0,n/a,20
hill_climbing,500,30,10,false,0.05,1,0.05,20,10,1,0,n/a,20
DA_tl_20_npart_0,500,30,10,false,0.05,1,0.05,20,10,2,40170.99932861328,4759,1.3131898454746136
DA_incremental,500,30,10,false,0.05,1,0.05,20,10,2,60045.96223640442,3624,1.0
DA_parallel,500,30,10,false,0.05,1,0.05,20,10,2,36641.05442047119,9408,2.596026490066225
SA_it_1000_npart_0,500,30,10,false,0.05,1,0.05,20,10,2,0,n/a,20
SA_incremental,500,30,10,false,0.05,1,0.05,20,10,2,0,n/a,20
genetic_200,500,30,10,false,0.05,1,0.05,20,10,2,0,n/a,20
genetic_50,500,30,10,false,0.05,1,0.05,20,10,2,0,n/a,20
hill_climbing,500,30,10,false,0.05,1,0.05,20,10,2,0,n/a,20
DA_tl_20_npart_0,750,30,1,true,0.05,1,0.05,20,10,0,71079.38766479492,3635,1.0
DA_incremental,750,30,1,true,0.05,1,0.05,20,10,0,91518.47810554504,7467,2.0541953232462173
DA_parallel,750,30,1,true,0.05,1,0.05,20,10,0,54945.59319114686,20690,5.691884456671252
SA_it_1000_npart_0,750,30,1,true,0.05,1,0.05,20,10,0,0,n/a,20
SA_incremental,750,30,1,true,0.05,1,0.05,20,10,0,0,n/a,20
genetic_200,750,30,1,true,0.05,1,0.05,20,10,0,0,n/a,20
genetic_50,750,30,1,true,0.05,1,0.05,20,10,0,0,n/a,20
hill_climbing,750,30,1,true,0.05,1,0.05,20,10,0,0,n/a,20
DA_tl_20_npart_0,750,30,1,true,0.05,1,0.05,20,10,1,69698.63359260559,3410,1.0
DA_incremental,750,30,1,true,0.05,1,0.05,20,10,1,95401.30104255676,6134,1.7988269794721408
DA_parallel,750,30,1,true,0.05,1,0.05,20,10,1,61034.688524246216,21275,6.23900293255132
SA_it_1000_npart_0,750,30,1,true,0.05,1,0.05,20,10,1,0,n/a,20
SA_incremental,750,30,1,true,0.05,1,0.05,20,10,1,0,n/a,20
genetic_200,750,30,1,true,0.05,1,0.05,20,10,1,0,n/a,20
genetic_50,750,30,1,true,0.05,1,0.05,20,10,1,0,n/a,20
hill_climbing,750,30,1,true,0.05,1,0.05,20,10,1,0,n/a,20
DA_tl_20_npart_0,750,30,1,true,0.05,1,0.05,20,10,2,146086.6259765625,3458,1.0
DA_incremental,750,30,1,true,0.05,1,0.05,20,10,2,132057.41214561462,8077,2.335743204164257
DA_parallel,750,30,1,true,0.05,1,0.05,20,10,2,74835.7911567688,32581,9.42192018507808
SA_it_1000_npart_0,750,30,1,true,0.05,1,0.05,20,10,2,0,n/a,20
SA_incremental,750,30,1,true,0.05,1,0.05,20,10,2,0,n/a,20
genetic_200,750,30,1,true,0.05,1,0.05,20,10,2,0,n/a,20
genetic_50,750,30,1,true,0.05,1,0.05,20,10,2,0,n/a,20
hill_climbing,750,30,1,true,0.05,1,0.05,20,10,2,0,n/a,20
DA_tl_20_npart_0,750,30,1,false,0.05,1,0.05,20,10,0,71079.38766479492,3635,1.0
DA_incremental,750,30,1,false,0.05,1,0.05,20,10,0,91518.47810554504,7467,2.0541953232462173
DA_parallel,750,30,1,false,0.05,1,0.05,20,10,0,54945.59319114686,20690,5.691884456671252
SA_it_1000_npart_0,750,30,1,false,0.05,1,0.05,20,10,0,0,n/a,20
SA_incremental,750,30,1,false,0.05,1,0.05,20,10,0,0,n/a,20
genetic_200,750,30,1,false,0.05,1,0.05,20,10,0,0,n/a,20
genetic_50,750,30,1,false,0.05,1,0.05,20,10,0,0,n/a,20
hill_climbing,750,30,1,false,0.05,1,0.05,20,10,0,0,n/a,20
DA_tl_20_npart_0,750,30,1,false,0.05,1,0.05,20,10,1,69698.63359260559,3410,1.0
DA_incremental,750,30,1,false,0.05,1,0.05,20,10,1,95401.30104255676,6134,1.7988269794721408
DA_parallel,750,30,1,false,0.05,1,0.05,20,10,1,61034.688524246216,21275,6.23900293255132
SA_it_1000_npart_0,750,30,1,false,0.05,1,0.05,20,10,1,0,n/a,20
SA_incremental,750,30,1,false,0.05,1,0.05,20,10,1,0,n/a,20
genetic_200,750,30,1,false,0.05,1,0.05,20,10,1,0,n/a,20
genetic_50,750,30,1,false,0.05,1,0.05,20,10,1,0,n/a,20
hill_climbing,750,30,1,false,0.05,1,0.05,20,10,1,0,n/a,20
DA_tl_20_npart_0,750,30,1,false,0.05,1,0.05,20,10,2,146086.6259765625,3458,1.0
DA_incremental,750,30,1,false,0.05,1,0.05,20,10,2,132057.41214561462,8077,2.335743204164257
DA_parallel,750,30,1,false,0.05,1,0.05,20,10,2,74835.7911567688,32581,9.42192018507808
SA_it_1000_npart_0,750,30,1,false,0.05,1,0.05,20,10,2,0,n/a,20
SA_incremental,750,30,1,false,0.05,1,0.05,20,10,2,0,n/a,20
genetic_200,750,30,1,false,0.05,1,0.05,20,10,2,0,n/a,20
genetic_50,750,30,1,false,0.05,1,0.05,20,10,2,0,n/a,20
hill_climbing,750,30,1,false,0.05,1,0.05,20,10,2,0,n/a,20
DA_tl_20_npart_0,750,30,2,true,0.05,1,0.05,20,10,0,123788.2991065979,10341,3.1412515188335357
DA_incremental,750,30,2,true,0.05,1,0.05,20,10,0,142944.7281627655,3292,1.0
DA_parallel,750,30,2,true,0.05,1,0.05,20,10,0,83209.9478969574,8887,2.6995747266099634
SA_it_1000_npart_0,750,30,2,true,0.05,1,0.05,20,10,0,0,n/a,20
SA_incremental,750,30,2,true,0.05,1,0.05,20,10,0,0,n/a,20
genetic_200,750,30,2,true,0.05,1,0.05,20,10,0,0,n/a,20
genetic_50,750,30,2,true,0.05,1,0.05,20,10,0,0,n/a,20
hill_climbing,750,30,2,true,0.05,1,0.05,20,10,0,0,n/a,20
DA_tl_20_npart_0,750,30,2,true,0.05,1,0.05,20,10,1,100088.50749206543,7264,1.8278812279818821
DA_incremental,750,30,2,true,0.05,1,0.05,20,10,1,126564.68980026244,3974,1.0
DA_parallel,750,30,2,true,0.05,1,0.05,20,10,1,73787.84014320374,9096,2.28887770508304
SA_it_1000_npart_0,750,30,2,true,0.05,1,0.05,20,10,1,0,n/a,20
SA_incremental,750,30,2,true,0.05,1,0.05,20,10,1,0,n/a,20
genetic_200,750,30,2,true,0.05,1,0.05,20,10,1,0,n/a,20
genetic_50,750,30,2,true,0.05,1,0.05,20,10,1,0,n/a,20
hill_climbing,750,30,2,true,0.05,1,0.05,20,10,1,0,n/a,20
DA_tl_20_npart_0,750,30,2,true,0.05,1,0.05,20,10,2,71743.37313270569,8942,2.2444779116465865
DA_incremental,750,30,2,true,0.05,1,0.05,20,10,2,102748.93065071106,3984,1.0
DA_parallel,750,30,2,true,0.05,1,0.05,20,10,2,71134.26357078552,12495,3.1362951807228914
SA_it_1000_npart_0,750,30,2,true,0.05,1,0.05,20,10,2,0,n/a,20
SA_incremental,750,30,2,true,0.05,1,0.05,20,10,2,0,n/a,20
genetic_200,750,30,2,true,0.05,1,0.05,20,10,2,0,n/a,20
genetic_50,750,30,2,true,0.05,1,0.05,20,10,2,0,n/a,20
hill_climbing,750,30,2,true,0.05,1,0.05,20,10,2,0,n/a,20
DA_tl_20_npart_0,750,30,2,false,0.05,1,0.05,20,10,0,71476.13497543335,7478,2.244297719087635
DA_incremental,750,30,2,false,0.05,1,0.05,20,10,0,106994.51989555359,3332,1.0
DA_parallel,750,30,2,false,0.05,1,0.05,20,10,0,58689.64406013489,18310,5.495198079231693
SA_it_1000_npart_0,750,30,2,false,0.05,1,0.05,20,10,0,0,n/a,20
SA_incremental,750,30,2,false,0.05,1,0.05,20,10,0,0,n/a,20
genetic_200,750,30,2,false,0.05,1,0.05,20,10,0,0,n/a,20
genetic_50,750,30,2,false,0.05,1,0.05,20,10,0,0,n/a,20
hill_climbing,750,30,2,false,0.05,1,0.05,20,10,0,0,n/a,20
DA_tl_20_npart_0,750,30,2,false,0.05,1,0.05,20,10,1,128220.38488769533,15946,4.118285123966942
DA_incremental,750,30,2,false,0.05,1,0.05,20,10,1,153082.26456451416,3872,1.0
DA_parallel,750,30,2,false,0.05,1,0.05,20,10,1,108395.4965801239,7774,2.0077479338842976
SA_it_1000_npart_0,750,30,2,false,0.05,1,0.05,20,10,1,0,n/a,20
SA_incremental,750,30,2,false,0.05,1,0.05,20,10,1,0,n/a,20
genetic_200,750,30,2,false,0.05,1,0.05,20,10,1,0,n/a,20
genetic_50,750,30,2,false,0.05,1,0.05,20,10,1,0,n/a,20
hill_climbing,750,30,2,false,0.05,1,0.05,20,10,1,0,n/a,20
DA_tl_20_npart_0,750,30,2,false,0.05,1,0.05,20,10,2,87166.05928039551,7486,2.0414507772020727
DA_incremental,750,30,2,false,0.05,1,0.05,20,10,2,119691.33552932739,3667,1.0
DA_parallel,750,30,2,false,0.05,1,0.05,20,10,2,69641.73615455627,9572,2.6103081538041994
SA_it_1000_npart_0,750,30,2,false,0.05,1,0.05,20,10,2,0,n/a,20
SA_incremental,750,30,2,false,0.05,1,0.05,20,10,2,0,n/a,20
genetic_200,750,30,2,false,0.05,1,0.05,20,10,2,0,n/a,20
genetic_50,750,30,2,false,0.05,1,0.05,20,10,2,0,n/a,20
hill_climbing,750,30,2,false,0.05,1,0.05,20,10,2,0,n/a,20
DA_tl_20_npart_0,750,30,4,true,0.05,1,0.05,20,10,0,85236.43329048157,8277,2.2645690834473324
DA_incremental,750,30,4,true,0.05,1,0.05,20,10,0,110816.64197731018,3655,1.0
DA_parallel,750,30,4,true,0.05,1,0.05,20,10,0,68057.69968795776,13693,3.746374829001368
SA_it_1000_npart_0,750,30,4,true,0.05,1,0.05,20,10,0,0,n/a,20
SA_incremental,750,30,4,true,0.05,1,0.05,20,10,0,0,n/a,20
genetic_200,750,30,4,true,0.05,1,0.05,20,10,0,0,n/a,20
genetic_50,750,30,4,true,0.05,1,0.05,20,10,0,0,n/a,20
hill_climbing,750,30,4,true,0.05,1,0.05,20,10,0,0,n/a,20
DA_tl_20_npart_0,750,30,4,true,0.05,1,0.05,20,10,1,85411.68121910095,7627,2.2938345864661653
DA_incremental,750,30,4,true,0.05,1,0.05,20,10,1,107916.53353118896,3325,1.0
DA_parallel,750,30,4,true,0.05,1,0.05,20,10,1,63790.508655548096,10828,3.256541353383459
SA_it_1000_npart_0,750,30,4,true,0.05,1,0.05,20,10,1,0,n/a,20
SA_incremental,750,30,4,true,0.05,1,0.05,20,10,1,0,n/a,20
genetic_200,750,30,4,true,0.05,1,0.05,20,10,1,0,n/a,20
genetic_50,750,30,4,true,0.05,1,0.05,20,10,1,0,n/a,20
hill_climbing,750,30,4,true,0.05,1,0.05,20,10,1,0,n/a,20
DA_tl_20_npart_0,750,30,4,true,0.05,1,0.05,20,10,2,85013.8332824707,13566,3.5879396984924625
DA_incremental,750,30,4,true,0.05,1,0.05,20,10,2,112624.30824661255,3781,1.0
DA_parallel,750,30,4,true,0.05,1,0.05,20,10,2,66192.9234046936,11871,3.139645596403068
SA_it_1000_npart_0,750,30,4,true,0.05,1,0.05,20,10,2,0,n/a,20
SA_incremental,750,30,4,true,0.05,1,0.05,20,10,2,0,n/a,20
genetic_200,750,30,4,true,0.05,1,0.05,20,10,2,0,n/a,20
genetic_50,750,30,4,true,0.05,1,0.05,20,10,2,0,n/a,20
hill_climbing,750,30,4,true,0.05,1,0.05,20,10,2,0,n/a,20
DA_tl_20_npart_0,750,30,4,false,0.05,1,0.05,20,10,0,99614.39588165283,7950,2.0606531881804044
DA_incremental,750,30,4,false,0.05,1,0.05,20,10,0,129965.33207511902,3858,1.0
DA_parallel,750,30,4,false,0.05,1,0.05,20,10,0,77980.92502975464,9782,2.5355106272680143
SA_it_1000_npart_0,750,30,4,false,0.05,1,0.05,20,10,0,643878.8621425629,69123,17.91679626749611
SA_incremental,750,30,4,false,0.05,1,0.05,20,10,0,118789.96658325195,66966,17.357698289269052
genetic_200,750,30,4,false,0.05,1,0.05,20,10,0,300000,70309.0,18.224209434940384
genetic_50,750,30,4,false,0.05,1,0.05,20,10,0,300000,64338.0,16.67651632970451
hill_climbing,750,30,4,false,0.05,1,0.05,20,10,0,300000,76149.0,19.737947122861588
DA_tl_20_npart_0,750,30,4,false,0.05,1,0.05,20,10,1,115638.4174041748,8075,2.2778561354019744
DA_incremental,750,30,4,false,0.05,1,0.05,20,10,1,158521.3687877655,3545,1.0
DA_parallel,750,30,4,false,0.05,1,0.05,20,10,1,119149.9562702179,7049,1.9884344146685473
SA_it_1000_npart_0,750,30,4,false,0.05,1,0.05,20,10,1,885493.4320449829,71945,20
SA_incremental,750,30,4,false,0.05,1,0.05,20,10,1,146327.46267318726,70476,19.880394922425953
genetic_200,750,30,4,false,0.05,1,0.05,20,10,1,300000,74402.0,20
genetic_50,750,30,4,false,0.05,1,0.05,20,10,1,300000,68187.0,19.23469675599436
hill_climbing,750,30,4,false,0.05,1,0.05,20,10,1,300000,79152.0,20
DA_tl_20_npart_0,750,30,4,false,0.05,1,0.05,20,10,2,81572.10047721863,11463,3.4715324046032707
DA_incremental,750,30,4,false,0.05,1,0.05,20,10,2,112832.6635723114,3302,1.0
DA_parallel,750,30,4,false,0.05,1,0.05,20,10,2,66651.62316894533,15790,4.7819503331314355
SA_it_1000_npart_0,750,30,4,false,0.05,1,0.05,20,10,2,407964.1258716583,63833,19.33161720169594
SA_incremental,750,30,4,false,0.05,1,0.05,20,10,2,90188.77387046814,59519,18.025136281041792
genetic_200,750,30,4,false,0.05,1,0.05,20,10,2,300000,65768.0,19.91762568140521
genetic_50,750,30,4,false,0.05,1,0.05,20,10,2,300000,61800.0,18.715929739551786
hill_climbing,750,30,4,false,0.05,1,0.05,20,10,2,300000,71500.0,20
DA_tl_20_npart_0,750,30,6,true,0.05,1,0.05,20,10,0,67374.13588142395,8484,2.156035578144854
DA_incremental,750,30,6,true,0.05,1,0.05,20,10,0,101918.34616470338,3935,1.0
DA_parallel,750,30,6,true,0.05,1,0.05,20,10,0,59702.27763366699,12844,3.264040660736976
SA_it_1000_npart_0,750,30,6,true,0.05,1,0.05,20,10,0,0,n/a,20
SA_incremental,750,30,6,true,0.05,1,0.05,20,10,0,0,n/a,20
genetic_200,750,30,6,true,0.05,1,0.05,20,10,0,0,n/a,20
genetic_50,750,30,6,true,0.05,1,0.05,20,10,0,0,n/a,20
hill_climbing,750,30,6,true,0.05,1,0.05,20,10,0,0,n/a,20
DA_tl_20_npart_0,750,30,6,true,0.05,1,0.05,20,10,1,61782.59896850586,7454,1.8904387522191224
DA_incremental,750,30,6,true,0.05,1,0.05,20,10,1,92059.8003063202,3943,1.0
DA_parallel,750,30,6,true,0.05,1,0.05,20,10,1,56337.42383766174,13734,3.483134669033731
SA_it_1000_npart_0,750,30,6,true,0.05,1,0.05,20,10,1,0,n/a,20
SA_incremental,750,30,6,true,0.05,1,0.05,20,10,1,0,n/a,20
genetic_200,750,30,6,true,0.05,1,0.05,20,10,1,0,n/a,20
genetic_50,750,30,6,true,0.05,1,0.05,20,10,1,0,n/a,20
hill_climbing,750,30,6,true,0.05,1,0.05,20,10,1,0,n/a,20
DA_tl_20_npart_0,750,30,6,true,0.05,1,0.05,20,10,2,61955.415367126465,4419,1.1613666228646518
DA_incremental,750,30,6,true,0.05,1,0.05,20,10,2,94111.72640991211,3805,1.0
DA_parallel,750,30,6,true,0.05,1,0.05,20,10,2,57247.971576690674,14640,3.847568988173456
SA_it_1000_npart_0,750,30,6,true,0.05,1,0.05,20,10,2,0,n/a,20
SA_incremental,750,30,6,true,0.05,1,0.05,20,10,2,0,n/a,20
genetic_200,750,30,6,true,0.05,1,0.05,20,10,2,0,n/a,20
genetic_50,750,30,6,true,0.05,1,0.05,20,10,2,0,n/a,20
hill_climbing,750,30,6,true,0.05,1,0.05,20,10,2,0,n/a,20
DA_tl_20_npart_0,750,30,6,false,0.05,1,0.05,20,10,0,88330.20916366577,8107,2.143574828133263
DA_incremental,750,30,6,false,0.05,1,0.05,20,10,0,118279.97105789186,3782,1.0
DA_parallel,750,30,6,false,0.05,1,0.05,20,10,0,79210.82858657837,9413,2.488894764674775
SA_it_1000_npart_0,750,30,6,false,0.05,1,0.05,20,10,0,0,n/a,20
SA_incremental,750,30,6,false,0.05,1,0.05,20,10,0,0,n/a,20
genetic_200,750,30,6,false,0.05,1,0.05,20,10,0,0,n/a,20
genetic_50,750,30,6,false,0.05,1,0.05,20,10,0,0,n/a,20
hill_climbing,750,30,6,false,0.05,1,0.05,20,10,0,0,n/a,20
DA_tl_20_npart_0,750,30,6,false,0.05,1,0.05,20,10,1,66702.95233917235,8568,2.230088495575221
DA_incremental,750,30,6,false,0.05,1,0.05,20,10,1,103567.88925361635,3842,1.0
DA_parallel,750,30,6,false,0.05,1,0.05,20,10,1,65310.32602119447,13185,3.4318063508589276
SA_it_1000_npart_0,750,30,6,false,0.05,1,0.05,20,10,1,0,n/a,20
SA_incremental,750,30,6,false,0.05,1,0.05,20,10,1,0,n/a,20
genetic_200,750,30,6,false,0.05,1,0.05,20,10,1,0,n/a,20
genetic_50,750,30,6,false,0.05,1,0.05,20,10,1,0,n/a,20
hill_climbing,750,30,6,false,0.05,1,0.05,20,10,1,0,n/a,20
DA_tl_20_npart_0,750,30,6,false,0.05,1,0.05,20,10,2,73944.34942245483,6946,1.9948305571510625
DA_incremental,750,30,6,false,0.05,1,0.05,20,10,2,106068.05494880676,3482,1.0
DA_parallel,750,30,6,false,0.05,1,0.05,20,10,2,70389.5123538971,11364,3.263641585295807
SA_it_1000_npart_0,750,30,6,false,0.05,1,0.05,20,10,2,0,n/a,20
SA_incremental,750,30,6,false,0.05,1,0.05,20,10,2,0,n/a,20
genetic_200,750,30,6,false,0.05,1,0.05,20,10,2,0,n/a,20
genetic_50,750,30,6,false,0.05,1,0.05,20,10,2,0,n/a,20
hill_climbing,750,30,6,false,0.05,1,0.05,20,10,2,0,n/a,20
DA_tl_20_npart_0,750,30,10,true,0.05,1,0.05,20,10,0,59742.26792526245,4343,1.2739806394837196
DA_incremental,750,30,10,true,0.05,1,0.05,20,10,0,92479.50681495667,3409,1.0
DA_parallel,750,30,10,true,0.05,1,0.05,20,10,0,55552.43054008484,12414,3.641537107656204
SA_it_1000_npart_0,750,30,10,true,0.05,1,0.05,20,10,0,0,n/a,20
SA_incremental,750,30,10,true,0.05,1,0.05,20,10,0,0,n/a,20
genetic_200,750,30,10,true,0.05,1,0.05,20,10,0,0,n/a,20
genetic_50,750,30,10,true,0.05,1,0.05,20,10,0,0,n/a,20
hill_climbing,750,30,10,true,0.05,1,0.05,20,10,0,0,n/a,20
DA_tl_20_npart_0,750,30,10,true,0.05,1,0.05,20,10,1,53793.7097492218,5180,1.3385012919896642
DA_incremental,750,30,10,true,0.05,1,0.05,20,10,1,89658.45972442627,3870,1.0
DA_parallel,750,30,10,true,0.05,1,0.05,20,10,1,55380.49587059021,12511,3.2328165374677003
SA_it_1000_npart_0,750,30,10,true,0.05,1,0.05,20,10,1,0,n/a,20
SA_incremental,750,30,10,true,0.05,1,0.05,20,10,1,0,n/a,20
genetic_200,750,30,10,true,0.05,1,0.05,20,10,1,0,n/a,20
genetic_50,750,30,10,true,0.05,1,0.05,20,10,1,0,n/a,20
hill_climbing,750,30,10,true,0.05,1,0.05,20,10,1,0,n/a,20
DA_tl_20_npart_0,750,30,10,true,0.05,1,0.05,20,10,2,55822.102993011475,5395,1.360655737704918
DA_incremental,750,30,10,true,0.05,1,0.05,20,10,2,91458.48294067383,3965,1.0
DA_parallel,750,30,10,true,0.05,1,0.05,20,10,2,57885.55156898498,13180,3.3240857503152585
SA_it_1000_npart_0,750,30,10,true,0.05,1,0.05,20,10,2,0,n/a,20
SA_incremental,750,30,10,true,0.05,1,0.05,20,10,2,0,n/a,20
genetic_200,750,30,10,true,0.05,1,0.05,20,10,2,0,n/a,20
genetic_50,750,30,10,true,0.05,1,0.05,20,10,2,0,n/a,20
hill_climbing,750,30,10,true,0.05,1,0.05,20,10,2,0,n/a,20
DA_tl_20_npart_0,750,30,10,false,0.05,1,0.05,20,10,0,82427.67717552185,10479,2.9328295549958017
DA_incremental,750,30,10,false,0.05,1,0.05,20,10,0,117088.76406860353,3573,1.0
DA_parallel,750,30,10,false,0.05,1,0.05,20,10,0,75067.86344146729,16094,4.5043380912398545
SA_it_1000_npart_0,750,30,10,false,0.05,1,0.05,20,10,0,0,n/a,20
SA_incremental,750,30,10,false,0.05,1,0.05,20,10,0,0,n/a,20
genetic_200,750,30,10,false,0.05,1,0.05,20,10,0,0,n/a,20
genetic_50,750,30,10,false,0.05,1,0.05,20,10,0,0,n/a,20
hill_climbing,750,30,10,false,0.05,1,0.05,20,10,0,0,n/a,20
DA_tl_20_npart_0,750,30,10,false,0.05,1,0.05,20,10,1,51386.75997161865,4673,1.2677699403147042
DA_incremental,750,30,10,false,0.05,1,0.05,20,10,1,87958.52909469604,3686,1.0
DA_parallel,750,30,10,false,0.05,1,0.05,20,10,1,51784.69664764405,12849,3.4858925664677156
SA_it_1000_npart_0,750,30,10,false,0.05,1,0.05,20,10,1,0,n/a,20
SA_incremental,750,30,10,false,0.05,1,0.05,20,10,1,0,n/a,20
genetic_200,750,30,10,false,0.05,1,0.05,20,10,1,0,n/a,20
genetic_50,750,30,10,false,0.05,1,0.05,20,10,1,0,n/a,20
hill_climbing,750,30,10,false,0.05,1,0.05,20,10,1,0,n/a,20
DA_tl_20_npart_0,750,30,10,false,0.05,1,0.05,20,10,2,54260.41430091858,4216,1.1397675047310083
DA_incremental,750,30,10,false,0.05,1,0.05,20,10,2,90880.5669555664,3699,1.0
DA_parallel,750,30,10,false,0.05,1,0.05,20,10,2,57638.966861724846,13364,3.61286834279535
SA_it_1000_npart_0,750,30,10,false,0.05,1,0.05,20,10,2,0,n/a,20
SA_incremental,750,30,10,false,0.05,1,0.05,20,10,2,0,n/a,20
genetic_200,750,30,10,false,0.05,1,0.05,20,10,2,0,n/a,20
genetic_50,750,30,10,false,0.05,1,0.05,20,10,2,0,n/a,20
hill_climbing,750,30,10,false,0.05,1,0.05,20,10,2,0,n/a,20
DA_tl_20_npart_0,1000,30,1,true,0.05,1,0.05,20,10,0,223256.81039237976,3292,1.0
DA_incremental,1000,30,1,true,0.05,1,0.05,20,10,0,202558.23772621155,6713,2.0391859052247874
DA_parallel,1000,30,1,true,0.05,1,0.05,20,10,0,114857.80954360962,42226,12.826852976913731
SA_it_1000_npart_0,1000,30,1,true,0.05,1,0.05,20,10,0,0,n/a,20
SA_incremental,1000,30,1,true,0.05,1,0.05,20,10,0,0,n/a,20
genetic_200,1000,30,1,true,0.05,1,0.05,20,10,0,0,n/a,20
genetic_50,1000,30,1,true,0.05,1,0.05,20,10,0,0,n/a,20
hill_climbing,1000,30,1,true,0.05,1,0.05,20,10,0,0,n/a,20
DA_tl_20_npart_0,1000,30,1,true,0.05,1,0.05,20,10,1,172696.2626399994,3765,1.0
DA_incremental,1000,30,1,true,0.05,1,0.05,20,10,1,184908.11512374875,8818,2.342098273572377
DA_parallel,1000,30,1,true,0.05,1,0.05,20,10,1,111116.70380973816,43596,11.579282868525896
SA_it_1000_npart_0,1000,30,1,true,0.05,1,0.05,20,10,1,0,n/a,20
SA_incremental,1000,30,1,true,0.05,1,0.05,20,10,1,0,n/a,20
genetic_200,1000,30,1,true,0.05,1,0.05,20,10,1,0,n/a,20
genetic_50,1000,30,1,true,0.05,1,0.05,20,10,1,0,n/a,20
hill_climbing,1000,30,1,true,0.05,1,0.05,20,10,1,0,n/a,20
DA_tl_20_npart_0,1000,30,1,true,0.05,1,0.05,20,10,2,180224.6449584961,3614,1.0
DA_incremental,1000,30,1,true,0.05,1,0.05,20,10,2,175204.39550590515,6911,1.9122855561704482
DA_parallel,1000,30,1,true,0.05,1,0.05,20,10,2,101562.97476387024,44881,12.418649695628114
SA_it_1000_npart_0,1000,30,1,true,0.05,1,0.05,20,10,2,0,n/a,20
SA_incremental,1000,30,1,true,0.05,1,0.05,20,10,2,0,n/a,20
genetic_200,1000,30,1,true,0.05,1,0.05,20,10,2,0,n/a,20
genetic_50,1000,30,1,true,0.05,1,0.05,20,10,2,0,n/a,20
hill_climbing,1000,30,1,true,0.05,1,0.05,20,10,2,0,n/a,20
DA_tl_20_npart_0,1000,30,1,false,0.05,1,0.05,20,10,0,223256.81039237976,3292,1.0
DA_incremental,1000,30,1,false,0.05,1,0.05,20,10,0,202558.23772621155,6713,2.0391859052247874
DA_parallel,1000,30,1,false,0.05,1,0.05,20,10,0,114857.80954360962,42226,12.826852976913731
SA_it_1000_npart_0,1000,30,1,false,0.05,1,0.05,20,10,0,0,n/a,20
SA_incremental,1000,30,1,false,0.05,1,0.05,20,10,0,0,n/a,20
genetic_200,1000,30,1,false,0.05,1,0.05,20,10,0,0,n/a,20
genetic_50,1000,30,1,false,0.05,1,0.05,20,10,0,0,n/a,20
hill_climbing,1000,30,1,false,0.05,1,0.05,20,10,0,0,n/a,20
DA_tl_20_npart_0,1000,30,1,false,0.05,1,0.05,20,10,1,172696.2626399994,3765,1.0
DA_incremental,1000,30,1,false,0.05,1,0.05,20,10,1,184908.11512374875,8818,2.342098273572377
DA_parallel,1000,30,1,false,0.05,1,0.05,20,10,1,111116.70380973816,43596,11.579282868525896
SA_it_1000_npart_0,1000,30,1,false,0.05,1,0.05,20,10,1,0,n/a,20
SA_incremental,1000,30,1,false,0.05,1,0.05,20,10,1,0,n/a,20
genetic_200,1000,30,1,false,0.05,1,0.05,20,10,1,0,n/a,20
genetic_50,1000,30,1,false,0.05,1,0.05,20,10,1,0,n/a,20
hill_climbing,1000,30,1,false,0.05,1,0.05,20,10,1,0,n/a,20
DA_tl_20_npart_0,1000,30,1,false,0.05,1,0.05,20,10,2,180224.6449584961,3614,1.0
DA_incremental,1000,30,1,false,0.05,1,0.05,20,10,2,175204.39550590515,6911,1.9122855561704482
DA_parallel,1000,30,1,false,0.05,1,0.05,20,10,2,101562.97476387024,44881,12.418649695628114
SA_it_1000_npart_0,1000,30,1,false,0.05,1,0.05,20,10,2,0,n/a,20
SA_incremental,1000,30,1,false,0.05,1,0.05,20,10,2,0,n/a,20
genetic_200,1000,30,1,false,0.05,1,0.05,20,10,2,0,n/a,20
genetic_50,1000,30,1,false,0.05,1,0.05,20,10,2,0,n/a,20
hill_climbing,1000,30,1,false,0.05,1,0.05,20,10,2,0,n/a,20
DA_tl_20_npart_0,1000,30,2,true,0.05,1,0.05,20,10,0,167398.4760055542,14080,3.6438923395445135
DA_incremental,1000,30,2,true,0.05,1,0.05,20,10,0,207405.04356956485,3864,1.0
DA_parallel,1000,30,2,true,0.05,1,0.05,20,10,0,119770.2414112091,10343,2.67675983436853
SA_it_1000_npart_0,1000,30,2,true,0.05,1,0.05,20,10,0,0,n/a,20
SA_incremental,1000,30,2,true,0.05,1,0.05,20,10,0,0,n/a,20
genetic_200,1000,30,2,true,0.05,1,0.05,20,10,0,0,n/a,20
genetic_50,1000,30,2,true,0.05,1,0.05,20,10,0,0,n/a,20
hill_climbing,1000,30,2,true,0.05,1,0.05,20,10,0,0,n/a,20
DA_tl_20_npart_0,1000,30,2,true,0.05,1,0.05,20,10,1,136736.92734146118,9322,2.5553728070175437
DA_incremental,1000,30,2,true,0.05,1,0.05,20,10,1,181053.95480918884,3648,1.0
DA_parallel,1000,30,2,true,0.05,1,0.05,20,10,1,103169.5985546112,11220,3.075657894736842
SA_it_1000_npart_0,1000,30,2,true,0.05,1,0.05,20,10,1,0,n/a,20
SA_incremental,1000,30,2,true,0.05,1,0.05,20,10,1,0,n/a,20
genetic_200,1000,30,2,true,0.05,1,0.05,20,10,1,0,n/a,20
genetic_50,1000,30,2,true,0.05,1,0.05,20,10,1,0,n/a,20
hill_climbing,1000,30,2,true,0.05,1,0.05,20,10,1,0,n/a,20
DA_tl_20_npart_0,1000,30,2,true,0.05,1,0.05,20,10,2,161597.5499572754,9910,3.0833851897946483
DA_incremental,1000,30,2,true,0.05,1,0.05,20,10,2,197241.21389961243,3214,1.0
DA_parallel,1000,30,2,true,0.05,1,0.05,20,10,2,124141.8657684326,11186,3.4803982576229
SA_it_1000_npart_0,1000,30,2,true,0.05,1,0.05,20,10,2,0,n/a,20
SA_incremental,1000,30,2,true,0.05,1,0.05,20,10,2,0,n/a,20
genetic_200,1000,30,2,true,0.05,1,0.05,20,10,2,0,n/a,20
genetic_50,1000,30,2,true,0.05,1,0.05,20,10,2,0,n/a,20
hill_climbing,1000,30,2,true,0.05,1,0.05,20,10,2,0,n/a,20
DA_tl_20_npart_0,1000,30,2,false,0.05,1,0.05,20,10,0,110623.01669311523,7455,2.4709976798143853
DA_incremental,1000,30,2,false,0.05,1,0.05,20,10,0,163136.73415565488,3017,1.0
DA_parallel,1000,30,2,false,0.05,1,0.05,20,10,0,82637.15079498291,26131,8.661252900232018
SA_it_1000_npart_0,1000,30,2,false,0.05,1,0.05,20,10,0,0,n/a,20
SA_incremental,1000,30,2,false,0.05,1,0.05,20,10,0,0,n/a,20
genetic_200,1000,30,2,false,0.05,1,0.05,20,10,0,0,n/a,20
genetic_50,1000,30,2,false,0.05,1,0.05,20,10,0,0,n/a,20
hill_climbing,1000,30,2,false,0.05,1,0.05,20,10,0,0,n/a,20
DA_tl_20_npart_0,1000,30,2,false,0.05,1,0.05,20,10,1,165512.53594779968,15894,4.440905280804694
DA_incremental,1000,30,2,false,0.05,1,0.05,20,10,1,194893.99142074585,3579,1.0
DA_parallel,1000,30,2,false,0.05,1,0.05,20,10,1,120469.25118637085,13141,3.6716960044705225
SA_it_1000_npart_0,1000,30,2,false,0.05,1,0.05,20,10,1,0,n/a,20
SA_incremental,1000,30,2,false,0.05,1,0.05,20,10,1,0,n/a,20
genetic_200,1000,30,2,false,0.05,1,0.05,20,10,1,0,n/a,20
genetic_50,1000,30,2,false,0.05,1,0.05,20,10,1,0,n/a,20
hill_climbing,1000,30,2,false,0.05,1,0.05,20,10,1,0,n/a,20
DA_tl_20_npart_0,1000,30,2,false,0.05,1,0.05,20,10,2,296824.46580314636,23287,7.3646426312460465
DA_incremental,1000,30,2,false,0.05,1,0.05,20,10,2,262510.9738368988,3162,1.0
DA_parallel,1000,30,2,false,0.05,1,0.05,20,10,2,321354.57045745844,6243,1.9743833017077799
SA_it_1000_npart_0,1000,30,2,false,0.05,1,0.05,20,10,2,0,n/a,20
SA_incremental,1000,30,2,false,0.05,1,0.05,20,10,2,0,n/a,20
genetic_200,1000,30,2,false,0.05,1,0.05,20,10,2,0,n/a,20
genetic_50,1000,30,2,false,0.05,1,0.05,20,10,2,0,n/a,20
hill_climbing,1000,30,2,false,0.05,1,0.05,20,10,2,0,n/a,20
DA_tl_20_npart_0,1000,30,4,true,0.05,1,0.05,20,10,0,84080.34743118286,9209,2.3337557019766852
DA_incremental,1000,30,4,true,0.05,1,0.05,20,10,0,133105.3764476776,3946,1.0
DA_parallel,1000,30,4,true,0.05,1,0.05,20,10,0,82515.69118881226,15649,3.965788139888495
SA_it_1000_npart_0,1000,30,4,true,0.05,1,0.05,20,10,0,0,n/a,20
SA_incremental,1000,30,4,true,0.05,1,0.05,20,10,0,0,n/a,20
genetic_200,1000,30,4,true,0.05,1,0.05,20,10,0,0,n/a,20
genetic_50,1000,30,4,true,0.05,1,0.05,20,10,0,0,n/a,20
hill_climbing,1000,30,4,true,0.05,1,0.05,20,10,0,0,n/a,20
DA_tl_20_npart_0,1000,30,4,true,0.05,1,0.05,20,10,1,110249.6075706482,14701,3.9444593506841965
DA_incremental,1000,30,4,true,0.05,1,0.05,20,10,1,155548.67519187927,3727,1.0
DA_parallel,1000,30,4,true,0.05,1,0.05,20,10,1,96584.646566391,15665,4.203112422860209
SA_it_1000_npart_0,1000,30,4,true,0.05,1,0.05,20,10,1,0,n/a,20
SA_incremental,1000,30,4,true,0.05,1,0.05,20,10,1,0,n/a,20
genetic_200,1000,30,4,true,0.05,1,0.05,20,10,1,0,n/a,20
genetic_50,1000,30,4,true,0.05,1,0.05,20,10,1,0,n/a,20
hill_climbing,1000,30,4,true,0.05,1,0.05,20,10,1,0,n/a,20
DA_tl_20_npart_0,1000,30,4,true,0.05,1,0.05,20,10,2,121514.83056259155,9849,2.577597487568699
DA_incremental,1000,30,4,true,0.05,1,0.05,20,10,2,168496.1392173767,3821,1.0
DA_parallel,1000,30,4,true,0.05,1,0.05,20,10,2,97340.19849014282,16965,4.439937189217482
SA_it_1000_npart_0,1000,30,4,true,0.05,1,0.05,20,10,2,0,n/a,20
SA_incremental,1000,30,4,true,0.05,1,0.05,20,10,2,0,n/a,20
genetic_200,1000,30,4,true,0.05,1,0.05,20,10,2,0,n/a,20
genetic_50,1000,30,4,true,0.05,1,0.05,20,10,2,0,n/a,20
hill_climbing,1000,30,4,true,0.05,1,0.05,20,10,2,0,n/a,20
DA_tl_20_npart_0,1000,30,4,false,0.05,1,0.05,20,10,0,176365.57327079773,11920,3.733166301284059
DA_incremental,1000,30,4,false,0.05,1,0.05,20,10,0,210647.5964603424,3193,1.0
DA_parallel,1000,30,4,false,0.05,1,0.05,20,10,0,129171.02313232422,11894,3.7250234888819294
SA_it_1000_npart_0,1000,30,4,false,0.05,1,0.05,20,10,0,1186469.2630767822,98259,20
SA_incremental,1000,30,4,false,0.05,1,0.05,20,10,0,214444.20075416565,96112,20
genetic_200,1000,30,4,false,0.05,1,0.05,20,10,0,0,n/a,20
genetic_50,1000,30,4,false,0.05,1,0.05,20,10,0,0,n/a,20
hill_climbing,1000,30,4,false,0.05,1,0.05,20,10,0,0,n/a,20
DA_tl_20_npart_0,1000,30,4,false,0.05,1,0.05,20,10,1,154451.30625343323,16011,5.30868700265252
DA_incremental,1000,30,4,false,0.05,1,0.05,20,10,1,194298.67373657227,3016,1.0
DA_parallel,1000,30,4,false,0.05,1,0.05,20,10,1,114432.54429244995,24430,8.100132625994695
SA_it_1000_npart_0,1000,30,4,false,0.05,1,0.05,20,10,1,979796.7221736908,98563,20
SA_incremental,1000,30,4,false,0.05,1,0.05,20,10,1,193048.9146709442,96393,20
genetic_200,1000,30,4,false,0.05,1,0.05,20,10,1,0,n/a,20
genetic_50,1000,30,4,false,0.05,1,0.05,20,10,1,0,n/a,20
hill_climbing,1000,30,4,false,0.05,1,0.05,20,10,1,0,n/a,20
DA_tl_20_npart_0,1000,30,4,false,0.05,1,0.05,20,10,2,135472.97031211856,10867,3.136219336219336
DA_incremental,1000,30,4,false,0.05,1,0.05,20,10,2,183445.17793273923,3465,1.0
DA_parallel,1000,30,4,false,0.05,1,0.05,20,10,2,119255.68791389467,21365,6.165945165945166
SA_it_1000_npart_0,1000,30,4,false,0.05,1,0.05,20,10,2,915931.4367771149,94405,20
SA_incremental,1000,30,4,false,0.05,1,0.05,20,10,2,182007.47227668762,92073,20
genetic_200,1000,30,4,false,0.05,1,0.05,20,10,2,0,n/a,20
genetic_50,1000,30,4,false,0.05,1,0.05,20,10,2,0,n/a,20
hill_climbing,1000,30,4,false,0.05,1,0.05,20,10,2,0,n/a,20
DA_tl_20_npart_0,1000,30,6,true,0.05,1,0.05,20,10,0,97099.41215705872,4240,1.0642570281124497
DA_incremental,1000,30,6,true,0.05,1,0.05,20,10,0,142652.861120224,3984,1.0
DA_parallel,1000,30,6,true,0.05,1,0.05,20,10,0,85159.94234466553,17422,4.372991967871486
SA_it_1000_npart_0,1000,30,6,true,0.05,1,0.05,20,10,0,0,n/a,20
SA_incremental,1000,30,6,true,0.05,1,0.05,20,10,0,0,n/a,20
genetic_200,1000,30,6,true,0.05,1,0.05,20,10,0,0,n/a,20
genetic_50,1000,30,6,true,0.05,1,0.05,20,10,0,0,n/a,20
hill_climbing,1000,30,6,true,0.05,1,0.05,20,10,0,0,n/a,20
DA_tl_20_npart_0,1000,30,6,true,0.05,1,0.05,20,10,1,83040.64818572998,12735,3.748896084780689
DA_incremental,1000,30,6,true,0.05,1,0.05,20,10,1,132557.96969413757,3397,1.0
DA_parallel,1000,30,6,true,0.05,1,0.05,20,10,1,82573.0078086853,17336,5.103326464527524
SA_it_1000_npart_0,1000,30,6,true,0.05,1,0.05,20,10,1,0,n/a,20
SA_incremental,1000,30,6,true,0.05,1,0.05,20,10,1,0,n/a,20
genetic_200,1000,30,6,true,0.05,1,0.05,20,10,1,0,n/a,20
genetic_50,1000,30,6,true,0.05,1,0.05,20,10,1,0,n/a,20
hill_climbing,1000,30,6,true,0.05,1,0.05,20,10,1,0,n/a,20
DA_tl_20_npart_0,1000,30,6,true,0.05,1,0.05,20,10,2,100357.60901641846,3905,1.194554909758336
DA_incremental,1000,30,6,true,0.05,1,0.05,20,10,2,149248.42201423648,3269,1.0
DA_parallel,1000,30,6,true,0.05,1,0.05,20,10,2,88228.60548973083,16118,4.930559804221475
SA_it_1000_npart_0,1000,30,6,true,0.05,1,0.05,20,10,2,0,n/a,20
SA_incremental,1000,30,6,true,0.05,1,0.05,20,10,2,0,n/a,20
genetic_200,1000,30,6,true,0.05,1,0.05,20,10,2,0,n/a,20
genetic_50,1000,30,6,true,0.05,1,0.05,20,10,2,0,n/a,20
hill_climbing,1000,30,6,true,0.05,1,0.05,20,10,2,0,n/a,20
DA_tl_20_npart_0,1000,30,6,false,0.05,1,0.05,20,10,0,128914.05277633668,16183,4.1590850681058855
DA_incremental,1000,30,6,false,0.05,1,0.05,20,10,0,178737.85442543027,3891,1.0
DA_parallel,1000,30,6,false,0.05,1,0.05,20,10,0,107525.08757209778,23577,6.059367771781033
SA_it_1000_npart_0,1000,30,6,false,0.05,1,0.05,20,10,0,0,n/a,20
SA_incremental,1000,30,6,false,0.05,1,0.05,20,10,0,0,n/a,20
genetic_200,1000,30,6,false,0.05,1,0.05,20,10,0,0,n/a,20
genetic_50,1000,30,6,false,0.05,1,0.05,20,10,0,0,n/a,20
hill_climbing,1000,30,6,false,0.05,1,0.05,20,10,0,0,n/a,20
DA_tl_20_npart_0,1000,30,6,false,0.05,1,0.05,20,10,1,102470.28401947021,10652,3.326670830730793
DA_incremental,1000,30,6,false,0.05,1,0.05,20,10,1,155569.53357696533,3202,1.0
DA_parallel,1000,30,6,false,0.05,1,0.05,20,10,1,92054.92816734314,17707,5.529981261711431
SA_it_1000_npart_0,1000,30,6,false,0.05,1,0.05,20,10,1,0,n/a,20
SA_incremental,1000,30,6,false,0.05,1,0.05,20,10,1,0,n/a,20
genetic_200,1000,30,6,false,0.05,1,0.05,20,10,1,0,n/a,20
genetic_50,1000,30,6,false,0.05,1,0.05,20,10,1,0,n/a,20
hill_climbing,1000,30,6,false,0.05,1,0.05,20,10,1,0,n/a,20
DA_tl_20_npart_0,1000,30,6,false,0.05,1,0.05,20,10,2,119767.40769577026,8987,2.7491587641480577
DA_incremental,1000,30,6,false,0.05,1,0.05,20,10,2,185318.82323646545,3269,1.0
DA_parallel,1000,30,6,false,0.05,1,0.05,20,10,2,122766.25090026854,13469,4.1202202508412356
SA_it_1000_npart_0,1000,30,6,false,0.05,1,0.05,20,10,2,0,n/a,20
SA_incremental,1000,30,6,false,0.05,1,0.05,20,10,2,0,n/a,20
genetic_200,1000,30,6,false,0.05,1,0.05,20,10,2,0,n/a,20
genetic_50,1000,30,6,false,0.05,1,0.05,20,10,2,0,n/a,20
hill_climbing,1000,30,6,false,0.05,1,0.05,20,10,2,0,n/a,20
DA_tl_20_npart_0,1000,30,10,true,0.05,1,0.05,20,10,0,85348.0076122284,8166,2.580094786729858
DA_incremental,1000,30,10,true,0.05,1,0.05,20,10,0,140068.57238006592,3165,1.0
DA_parallel,1000,30,10,true,0.05,1,0.05,20,10,0,83706.61936950684,18653,5.893522906793049
SA_it_1000_npart_0,1000,30,10,true,0.05,1,0.05,20,10,0,0,n/a,20
SA_incremental,1000,30,10,true,0.05,1,0.05,20,10,0,0,n/a,20
genetic_200,1000,30,10,true,0.05,1,0.05,20,10,0,0,n/a,20
genetic_50,1000,30,10,true,0.05,1,0.05,20,10,0,0,n/a,20
hill_climbing,1000,30,10,true,0.05,1,0.05,20,10,0,0,n/a,20
DA_tl_20_npart_0,1000,30,10,true,0.05,1,0.05,20,10,1,84420.3344745636,8847,2.6535692861427713
DA_incremental,1000,30,10,true,0.05,1,0.05,20,10,1,228500.06348800656,3334,1.0
DA_parallel,1000,30,10,true,0.05,1,0.05,20,10,1,84740.55809974669,18870,5.659868026394721
SA_it_1000_npart_0,1000,30,10,true,0.05,1,0.05,20,10,1,0,n/a,20
SA_incremental,1000,30,10,true,0.05,1,0.05,20,10,1,0,n/a,20
genetic_200,1000,30,10,true,0.05,1,0.05,20,10,1,0,n/a,20
genetic_50,1000,30,10,true,0.05,1,0.05,20,10,1,0,n/a,20
hill_climbing,1000,30,10,true,0.05,1,0.05,20,10,1,0,n/a,20
DA_tl_20_npart_0,1000,30,10,true,0.05,1,0.05,20,10,2,84475.1988697052,6620,1.7583001328021248
DA_incremental,1000,30,10,true,0.05,1,0.05,20,10,2,147234.30236816406,3765,1.0
DA_parallel,1000,30,10,true,0.05,1,0.05,20,10,2,85177.51948738098,18675,4.960159362549801
SA_it_1000_npart_0,1000,30,10,true,0.05,1,0.05,20,10,2,0,n/a,20
SA_incremental,1000,30,10,true,0.05,1,0.05,20,10,2,0,n/a,20
genetic_200,1000,30,10,true,0.05,1,0.05,20,10,2,0,n/a,20
genetic_50,1000,30,10,true,0.05,1,0.05,20,10,2,0,n/a,20
hill_climbing,1000,30,10,true,0.05,1,0.05,20,10,2,0,n/a,20
DA_tl_20_npart_0,1000,30,10,false,0.05,1,0.05,20,10,0,102037.97336578369,9852,2.6583917970858066
DA_incremental,1000,30,10,false,0.05,1,0.05,20,10,0,168257.26161766052,3706,1.0
DA_parallel,1000,30,10,false,0.05,1,0.05,20,10,0,99835.56436920165,21055,5.68132757690232
SA_it_1000_npart_0,1000,30,10,false,0.05,1,0.05,20,10,0,0,n/a,20
SA_incremental,1000,30,10,false,0.05,1,0.05,20,10,0,0,n/a,20
genetic_200,1000,30,10,false,0.05,1,0.05,20,10,0,0,n/a,20
genetic_50,1000,30,10,false,0.05,1,0.05,20,10,0,0,n/a,20
hill_climbing,1000,30,10,false,0.05,1,0.05,20,10,0,0,n/a,20
DA_tl_20_npart_0,1000,30,10,false,0.05,1,0.05,20,10,1,99792.6025352478,10887,3.5210219922380337
DA_incremental,1000,30,10,false,0.05,1,0.05,20,10,1,156092.09149360657,3092,1.0
DA_parallel,1000,30,10,false,0.05,1,0.05,20,10,1,88484.28059959412,21161,6.84379042690815
SA_it_1000_npart_0,1000,30,10,false,0.05,1,0.05,20,10,1,0,n/a,20
SA_incremental,1000,30,10,false,0.05,1,0.05,20,10,1,0,n/a,20
genetic_200,1000,30,10,false,0.05,1,0.05,20,10,1,0,n/a,20
genetic_50,1000,30,10,false,0.05,1,0.05,20,10,1,0,n/a,20
hill_climbing,1000,30,10,false,0.05,1,0.05,20,10,1,0,n/a,20
DA_tl_20_npart_0,1000,30,10,false,0.05,1,0.05,20,10,2,96118.72543334961,7505,1.9278191625995376
DA_incremental,1000,30,10,false,0.05,1,0.05,20,10,2,154172.31378936768,3893,1.0
DA_parallel,1000,30,10,false,0.05,1,0.05,20,10,2,87094.86639022827,18093,4.647572566144362
SA_it_1000_npart_0,1000,30,10,false,0.05,1,0.05,20,10,2,0,n/a,20
SA_incremental,1000,30,10,false,0.05,1,0.05,20,10,2,0,n/a,20
genetic_200,1000,30,10,false,0.05,1,0.05,20,10,2,0,n/a,20
genetic_50,1000,30,10,false,0.05,1,0.05,20,10,2,0,n/a,20
hill_climbing,1000,30,10,false,0.05,1,0.05,20,10,2,0,n/a,20
DA_tl_20_npart_0,250,20,4,false,0.05,1,0.05,20,10,0,23420.88614845276,4385,1.1591329632566747
DA_incremental,250,20,4,false,0.05,1,0.05,20,10,0,35767.7670211792,3783,1.0
DA_parallel,250,20,4,false,0.05,1,0.05,20,10,0,23306.026222229004,5228,1.3819719799101242
SA_it_1000_npart_0,250,20,4,false,0.05,1,0.05,20,10,0,29065.114736557007,14334,3.789056304520222
SA_incremental,250,20,4,false,0.05,1,0.05,20,10,0,5822.862386703491,13633,3.60375363468147
HQA_incremental,250,20,4,false,0.05,1,0.05,20,10,0,22197.65018386841,10933,2.8900343642611683
genetic_200,250,20,4,false,0.05,1,0.05,20,10,0,300000,11529.0,3.0475812846946866
genetic_50,250,20,4,false,0.05,1,0.05,20,10,0,240000,11588.0,3.063177372455723
hill_climbing,250,20,4,false,0.05,1,0.05,20,10,0,300000,14073.0,3.7200634417129264
DA_tl_20_npart_0,250,20,4,false,0.05,1,0.05,20,10,1,23370.845710754395,3944,1.048657272002127
DA_incremental,250,20,4,false,0.05,1,0.05,20,10,1,35873.750078201294,3761,1.0
DA_parallel,250,20,4,false,0.05,1,0.05,20,10,1,22765.075090408325,4804,1.2773198617388992
SA_it_1000_npart_0,250,20,4,false,0.05,1,0.05,20,10,1,26212.684869766235,13602,3.6165913320925287
SA_incremental,250,20,4,false,0.05,1,0.05,20,10,1,5683.083057403564,12939,3.4403084286094123
genetic_200,250,20,4,false,0.05,1,0.05,20,10,1,300000,10797.0,2.8707790481254984
genetic_50,250,20,4,false,0.05,1,0.05,20,10,1,300000,11013.0,2.9282105822919435
hill_climbing,250,20,4,false,0.05,1,0.05,20,10,1,300000,12906.0,3.4315341664450942
DA_tl_20_npart_0,250,20,4,false,0.05,1,0.05,20,10,2,22668.712993621826,4200,1.07747562852745
DA_incremental,250,20,4,false,0.05,1,0.05,20,10,2,34979.79954528808,3898,1.0
DA_parallel,250,20,4,false,0.05,1,0.05,20,10,2,22880.05159187317,4412,1.1318624935864545
SA_it_1000_npart_0,250,20,4,false,0.05,1,0.05,20,10,2,20529.5672416687,13525,3.469728065674705
SA_incremental,250,20,4,false,0.05,1,0.05,20,10,2,5050.95911026001,13169,3.3783991790661876
genetic_200,250,20,4,false,0.05,1,0.05,20,10,2,300000,11013.0,2.8252950230887635
genetic_50,250,20,4,false,0.05,1,0.05,20,10,2,240000,11481.0,2.9453565931246795
hill_climbing,250,20,4,false,0.05,1,0.05,20,10,2,300000,13838.0,3.5500256541816317
DA_tl_20_npart_0,250,40,4,false,0.05,1,0.05,20,10,0,31981.822969436646,4895,1.249043123245726
DA_incremental,250,40,4,false,0.05,1,0.05,20,10,0,47395.03582572936,3919,1.0
DA_parallel,250,40,4,false,0.05,1,0.05,20,10,0,30755.799644470215,5612,1.4319979586629241
SA_it_1000_npart_0,250,40,4,false,0.05,1,0.05,20,10,0,95116.87922477722,15966,4.0739984689971935
SA_incremental,250,40,4,false,0.05,1,0.05,20,10,0,18122.19214439392,15416,3.933656545036999
HQA_incremental,250,40,4,false,0.05,1,0.05,20,10,0,36749.42543310547,12090,3.0849706557795358
genetic_200,250,40,4,false,0.05,1,0.05,20,10,0,300000,12535.0,3.198520030620056
genetic_50,250,40,4,false,0.05,1,0.05,20,10,0,240000,13308.0,3.395764225567747
hill_climbing,250,40,4,false,0.05,1,0.05,20,10,0,300000,16619.0,4.240622607808114
DA_tl_20_npart_0,250,40,4,false,0.05,1,0.05,20,10,1,31461.027812957764,4503,1.1900105708245243
DA_incremental,250,40,4,false,0.05,1,0.05,20,10,1,45353.70956039429,3784,1.0
DA_parallel,250,40,4,false,0.05,1,0.05,20,10,1,29212.13122177124,5036,1.3308668076109937
SA_it_1000_npart_0,250,40,4,false,0.05,1,0.05,20,10,1,80869.02832984924,16256,4.295983086680761
SA_incremental,250,40,4,false,0.05,1,0.05,20,10,1,16436.655282974243,15712,4.152219873150106
genetic_200,250,40,4,false,0.05,1,0.05,20,10,1,300000,13934.0,3.6823467230443976
genetic_50,250,40,4,false,0.05,1,0.05,20,10,1,240000,13485.0,3.563689217758985
hill_climbing,250,40,4,false,0.05,1,0.05,20,10,1,300000,16218.0,4.285940803382664
DA_tl_20_npart_0,250,40,4,false,0.05,1,0.05,20,10,2,31973.05605316162,4320,1.1264667535853976
DA_incremental,250,40,4,false,0.05,1,0.05,20,10,2,45974.19452285767,3835,1.0
DA_parallel,250,40,4,false,0.05,1,0.05,20,10,2,29405.288278579712,5404,1.4091264667535854
SA_it_1000_npart_0,250,40,4,false,0.05,1,0.05,20,10,2,87349.38049316406,14973,3.9043024771838333
SA_incremental,250,40,4,false,0.05,1,0.05,20,10,2,17288.411378860474,14737,3.8427640156453715
genetic_200,250,40,4,false,0.05,1,0.05,20,10,2,240000,12429.0,3.2409387222946546
genetic_50,250,40,4,false,0.05,1,0.05,20,10,2,240000,12390.0,3.230769230769231
hill_climbing,250,40,4,false,0.05,1,0.05,20,10,2,300000,15700.0,4.0938722294654495
DA_tl_20_npart_0,250,50,4,false,0.05,1,0.05,20,10,0,42195.3584022522,4621,1.195292291774444
DA_incremental,250,50,4,false,0.05,1,0.05,20,10,0,57923.91327857971,3866,1.0
DA_parallel,250,50,4,false,0.05,1,0.05,20,10,0,35203.48636817932,5200,1.3450594930160373
SA_it_1000_npart_0,250,50,4,false,0.05,1,0.05,20,10,0,0,n/a,20
SA_incremental,250,50,4,false,0.05,1,0.05,20,10,0,0,n/a,20
HQA_incremental,250,50,4,false,0.05,1,0.05,20,10,0,0,n/a,20
genetic_200,250,50,4,false,0.05,1,0.05,20,10,0,0,n/a,20
genetic_50,250,50,4,false,0.05,1,0.05,20,10,0,0,n/a,20
hill_climbing,250,50,4,false,0.05,1,0.05,20,10,0,0,n/a,20
DA_tl_20_npart_0,250,50,4,false,0.05,1,0.05,20,10,1,41626.815856933594,4127,1.08834388185654
DA_incremental,250,50,4,false,0.05,1,0.05,20,10,1,57975.33098983765,3792,1.0
DA_parallel,250,50,4,false,0.05,1,0.05,20,10,1,38106.7047252655,6142,1.6197257383966244
SA_it_1000_npart_0,250,50,4,false,0.05,1,0.05,20,10,1,0,n/a,20
SA_incremental,250,50,4,false,0.05,1,0.05,20,10,1,0,n/a,20
genetic_200,250,50,4,false,0.05,1,0.05,20,10,1,0,n/a,20
genetic_50,250,50,4,false,0.05,1,0.05,20,10,1,0,n/a,20
hill_climbing,250,50,4,false,0.05,1,0.05,20,10,1,0,n/a,20
DA_tl_20_npart_0,250,50,4,false,0.05,1,0.05,20,10,2,34308.50955963135,4290,1.1111111111111112
DA_incremental,250,50,4,false,0.05,1,0.05,20,10,2,47828.298292160034,3861,1.0
DA_parallel,250,50,4,false,0.05,1,0.05,20,10,2,32118.175775527958,6343,1.6428386428386428
SA_it_1000_npart_0,250,50,4,false,0.05,1,0.05,20,10,2,0,n/a,20
SA_incremental,250,50,4,false,0.05,1,0.05,20,10,2,0,n/a,20
genetic_200,250,50,4,false,0.05,1,0.05,20,10,2,0,n/a,20
genetic_50,250,50,4,false,0.05,1,0.05,20,10,2,0,n/a,20
hill_climbing,250,50,4,false,0.05,1,0.05,20,10,2,0,n/a,20
DA_tl_20_npart_0,500,20,4,false,0.05,1,0.05,20,10,0,34337.89805603027,5517,1.3995433789954337
DA_incremental,500,20,4,false,0.05,1,0.05,20,10,0,49262.58973503113,3942,1.0
DA_parallel,500,20,4,false,0.05,1,0.05,20,10,0,30670.49151802063,7983,2.0251141552511416
SA_it_1000_npart_0,500,20,4,false,0.05,1,0.05,20,10,0,92438.58361244202,32852,8.333840690005074
SA_incremental,500,20,4,false,0.05,1,0.05,20,10,0,41849.910259246826,31089,7.886605783866058
HQA_incremental,500,20,4,false,0.05,1,0.05,20,10,0,39331.8222008667,22612,5.736174530695078
genetic_200,500,20,4,false,0.05,1,0.05,20,10,0,300000,31087.0,7.886098427194318
genetic_50,500,20,4,false,0.05,1,0.05,20,10,0,240000,29156.0,7.396245560629122
hill_climbing,500,20,4,false,0.05,1,0.05,20,10,0,300000,35704.0,9.057331303906647
DA_tl_20_npart_0,500,20,4,false,0.05,1,0.05,20,10,1,39786.99296760559,4686,1.1738476953907815
DA_incremental,500,20,4,false,0.05,1,0.05,20,10,1,55574.75468444824,3992,1.0
DA_parallel,500,20,4,false,0.05,1,0.05,20,10,1,39607.808086395264,5782,1.4483967935871744
SA_it_1000_npart_0,500,20,4,false,0.05,1,0.05,20,10,1,142535.45713424683,38917,9.74874749498998
SA_incremental,500,20,4,false,0.05,1,0.05,20,10,1,29043.225288391113,36715,9.197144288577155
genetic_200,500,20,4,false,0.05,1,0.05,20,10,1,300000,36640.0,9.178356713426854
genetic_50,500,20,4,false,0.05,1,0.05,20,10,1,240000,33821.0,8.472194388777556
hill_climbing,500,20,4,false,0.05,1,0.05,20,10,1,300000,42696.0,10.695390781563127
DA_tl_20_npart_0,500,20,4,false,0.05,1,0.05,20,10,2,33028.168142318726,6120,1.5692307692307692
DA_incremental,500,20,4,false,0.05,1,0.05,20,10,2,50581.58437919617,3900,1.0
DA_parallel,500,20,4,false,0.05,1,0.05,20,10,2,31670.04363632202,7485,1.9192307692307693
SA_it_1000_npart_0,500,20,4,false,0.05,1,0.05,20,10,2,95039.19982910156,36384,9.329230769230769
SA_incremental,500,20,4,false,0.05,1,0.05,20,10,2,22316.10679626465,35981,9.225897435897435
genetic_200,500,20,4,false,0.05,1,0.05,20,10,2,300000,35486.0,9.09897435897436
genetic_50,500,20,4,false,0.05,1,0.05,20,10,2,300000,32322.0,8.287692307692307
hill_climbing,500,20,4,false,0.05,1,0.05,20,10,2,300000,40129.0,10.28948717948718
DA_tl_20_npart_0,500,40,4,false,0.05,1,0.05,20,10,0,58082.60431289673,7372,1.8602069139540751
DA_incremental,500,40,4,false,0.05,1,0.05,20,10,0,82784.95531463622,3963,1.0
DA_parallel,500,40,4,false,0.05,1,0.05,20,10,0,52078.77680587768,11489,2.8990663638657583
SA_it_1000_npart_0,500,40,4,false,0.05,1,0.05,20,10,0,231907.70530700684,35058,8.846328538985617
SA_incremental,500,40,4,false,0.05,1,0.05,20,10,0,55853.87444496155,34770,8.773656320968962
HQA_incremental,500,40,4,false,0.05,1,0.05,20,10,0,83293.5919924469,24291,6.129447388342165
genetic_200,500,40,4,false,0.05,1,0.05,20,10,0,300000,36198.0,9.133989401968206
genetic_50,500,40,4,false,0.05,1,0.05,20,10,0,300000,32755.0,8.265203128942721
hill_climbing,500,40,4,false,0.05,1,0.05,20,10,0,300000,39505.0,9.968458238708049
DA_tl_20_npart_0,500,40,4,false,0.05,1,0.05,20,10,1,68494.9320640564,8075,2.197278911564626
DA_incremental,500,40,4,false,0.05,1,0.05,20,10,1,95328.43886566162,3675,1.0
DA_parallel,500,40,4,false,0.05,1,0.05,20,10,1,65979.16312789917,8831,2.4029931972789114
SA_it_1000_npart_0,500,40,4,false,0.05,1,0.05,20,10,1,383877.6173591614,40222,10.944761904761904
SA_incremental,500,40,4,false,0.05,1,0.05,20,10,1,75460.96277236938,39108,10.641632653061224
genetic_200,500,40,4,false,0.05,1,0.05,20,10,1,300000,40197.0,10.937959183673469
genetic_50,500,40,4,false,0.05,1,0.05,20,10,1,300000,36910.0,10.043537414965986
hill_climbing,500,40,4,false,0.05,1,0.05,20,10,1,300000,42691.0,11.616598639455782
DA_tl_20_npart_0,500,40,4,false,0.05,1,0.05,20,10,2,67279.9209766388,8406,2.214436248682824
DA_incremental,500,40,4,false,0.05,1,0.05,20,10,2,96040.18546485901,3796,1.0
DA_parallel,500,40,4,false,0.05,1,0.05,20,10,2,58165.21324920654,10092,2.658587987355111
SA_it_1000_npart_0,500,40,4,false,0.05,1,0.05,20,10,2,345171.21601104736,38801,10.22154899894626
SA_incremental,500,40,4,false,0.05,1,0.05,20,10,2,70044.80314254761,36785,9.690463645943098
genetic_200,500,40,4,false,0.05,1,0.05,20,10,2,240000,38610.0,10.17123287671233
genetic_50,500,40,4,false,0.05,1,0.05,20,10,2,300000,35497.0,9.351159114857746
hill_climbing,500,40,4,false,0.05,1,0.05,20,10,2,300000,41921.0,11.043466807165437
DA_tl_20_npart_0,500,50,4,false,0.05,1,0.05,20,10,0,127499.5750541687,9092,2.45995670995671
DA_incremental,500,50,4,false,0.05,1,0.05,20,10,0,149187.43530464172,3696,1.0
DA_parallel,500,50,4,false,0.05,1,0.05,20,10,0,93835.02474975586,9415,2.547348484848485
SA_it_1000_npart_0,500,50,4,false,0.05,1,0.05,20,10,0,0,n/a,20
SA_incremental,500,50,4,false,0.05,1,0.05,20,10,0,0,n/a,20
HQA_incremental,500,50,4,false,0.05,1,0.05,20,10,0,0,n/a,20
genetic_200,500,50,4,false,0.05,1,0.05,20,10,0,0,n/a,20
genetic_50,500,50,4,false,0.05,1,0.05,20,10,0,0,n/a,20
hill_climbing,500,50,4,false,0.05,1,0.05,20,10,0,0,n/a,20
DA_tl_20_npart_0,500,50,4,false,0.05,1,0.05,20,10,1,125477.4174079895,7653,2.110008271298594
DA_incremental,500,50,4,false,0.05,1,0.05,20,10,1,143396.68096542358,3627,1.0
DA_parallel,500,50,4,false,0.05,1,0.05,20,10,1,87743.74153137208,7790,2.147780534877309
SA_it_1000_npart_0,500,50,4,false,0.05,1,0.05,20,10,1,0,n/a,20
SA_incremental,500,50,4,false,0.05,1,0.05,20,10,1,0,n/a,20
genetic_200,500,50,4,false,0.05,1,0.05,20,10,1,0,n/a,20
genetic_50,500,50,4,false,0.05,1,0.05,20,10,1,0,n/a,20
hill_climbing,500,50,4,false,0.05,1,0.05,20,10,1,0,n/a,20
DA_tl_20_npart_0,500,50,4,false,0.05,1,0.05,20,10,2,80133.85083770752,6813,1.7041020510255127
DA_incremental,500,50,4,false,0.05,1,0.05,20,10,2,117771.77998161314,3998,1.0
DA_parallel,500,50,4,false,0.05,1,0.05,20,10,2,81238.5132446289,10710,2.678839419709855
SA_it_1000_npart_0,500,50,4,false,0.05,1,0.05,20,10,2,0,n/a,20
SA_incremental,500,50,4,false,0.05,1,0.05,20,10,2,0,n/a,20
genetic_200,500,50,4,false,0.05,1,0.05,20,10,2,0,n/a,20
genetic_50,500,50,4,false,0.05,1,0.05,20,10,2,0,n/a,20
hill_climbing,500,50,4,false,0.05,1,0.05,20,10,2,0,n/a,20
DA_tl_20_npart_0,750,20,4,false,0.05,1,0.05,20,10,0,53002.503381729126,8108,2.4787526750229287
DA_incremental,750,20,4,false,0.05,1,0.05,20,10,0,79483.80064964294,3271,1.0
DA_parallel,750,20,4,false,0.05,1,0.05,20,10,0,53285.199909210205,10177,3.111280953836747
SA_it_1000_npart_0,750,20,4,false,0.05,1,0.05,20,10,0,228892.39287376404,62925,19.23723631916845
SA_incremental,750,20,4,false,0.05,1,0.05,20,10,0,52811.70177459717,60384,18.460409660654236
genetic_200,750,20,4,false,0.05,1,0.05,20,10,0,300000,64676.0,19.772546621828187
genetic_50,750,20,4,false,0.05,1,0.05,20,10,0,300000,59617.0,18.225924793641088
hill_climbing,750,20,4,false,0.05,1,0.05,20,10,0,300000,70969.0,20
DA_tl_20_npart_0,750,20,4,false,0.05,1,0.05,20,10,1,43983.12272262573,6942,2.048391856004721
DA_incremental,750,20,4,false,0.05,1,0.05,20,10,1,71566.86556625365,3389,1.0
DA_parallel,750,20,4,false,0.05,1,0.05,20,10,1,50454.05266189575,8385,2.474181174387725
SA_it_1000_npart_0,750,20,4,false,0.05,1,0.05,20,10,1,149845.0541496277,54817,16.174977869578047
SA_incremental,750,20,4,false,0.05,1,0.05,20,10,1,42590.9698009491,54863,16.188551195042784
genetic_200,750,20,4,false,0.05,1,0.05,20,10,1,300000,59014.0,17.413396282089113
genetic_50,750,20,4,false,0.05,1,0.05,20,10,1,300000,54749.0,16.15491295367365
hill_climbing,750,20,4,false,0.05,1,0.05,20,10,1,300000,63594.0,18.764827382708763
DA_tl_20_npart_0,750,20,4,false,0.05,1,0.05,20,10,2,51631.6838054657,7782,2.185341196293176
DA_incremental,750,20,4,false,0.05,1,0.05,20,10,2,74453.48984527586,3561,1.0
DA_parallel,750,20,4,false,0.05,1,0.05,20,10,2,53350.18215560912,8470,2.378545352429093
SA_it_1000_npart_0,750,20,4,false,0.05,1,0.05,20,10,2,213573.66132736206,60394,16.959842740803147
SA_incremental,750,20,4,false,0.05,1,0.05,20,10,2,55113.25979232788,60098,16.876720022465598
genetic_200,750,20,4,false,0.05,1,0.05,20,10,2,300000,64263.0,18.046335299073295
genetic_50,750,20,4,false,0.05,1,0.05,20,10,2,300000,58089.0,16.31255265374895
hill_climbing,750,20,4,false,0.05,1,0.05,20,10,2,300000,69815.0,19.60544790789104
DA_tl_20_npart_0,750,40,4,false,0.05,1,0.05,20,10,0,117841.81030464172,11100,3.260869565217391
DA_incremental,750,40,4,false,0.05,1,0.05,20,10,0,157519.58268547058,3404,1.0
DA_parallel,750,40,4,false,0.05,1,0.05,20,10,0,96511.12245368958,13488,3.9623971797884843
SA_it_1000_npart_0,750,40,4,false,0.05,1,0.05,20,10,0,599764.1541957855,65957,19.376321974148063
SA_incremental,750,40,4,false,0.05,1,0.05,20,10,0,135140.77877998352,62931,18.487367802585194
genetic_200,750,40,4,false,0.05,1,0.05,20,10,0,300000,69155.0,20
genetic_50,750,40,4,false,0.05,1,0.05,20,10,0,300000,65031.0,19.104289071680377
hill_climbing,750,40,4,false,0.05,1,0.05,20,10,0,300000,74718.0,20
DA_tl_20_npart_0,750,40,4,false,0.05,1,0.05,20,10,1,123025.91879272461,9148,2.3042821158690177
DA_incremental,750,40,4,false,0.05,1,0.05,20,10,1,193034.73664283752,3970,1.0
DA_parallel,750,40,4,false,0.05,1,0.05,20,10,1,105065.45775794984,14454,3.6408060453400504
SA_it_1000_npart_0,750,40,4,false,0.05,1,0.05,20,10,1,697295.5079078674,60884,15.336020151133502
SA_incremental,750,40,4,false,0.05,1,0.05,20,10,1,149998.8534450531,59430,14.96977329974811
genetic_200,750,40,4,false,0.05,1,0.05,20,10,1,300000,63553.0,16.00831234256927
genetic_50,750,40,4,false,0.05,1,0.05,20,10,1,300000,59338.0,14.946599496221662
hill_climbing,750,40,4,false,0.05,1,0.05,20,10,1,300000,67002.0,16.877078085642317
DA_tl_20_npart_0,750,40,4,false,0.05,1,0.05,20,10,2,126002.61667633057,11181,3.075082508250825
DA_incremental,750,40,4,false,0.05,1,0.05,20,10,2,192090.14575958252,3636,1.0
DA_parallel,750,40,4,false,0.05,1,0.05,20,10,2,110909.1833305359,11315,3.111936193619362
SA_it_1000_npart_0,750,40,4,false,0.05,1,0.05,20,10,2,725154.0880203247,69597,19.14108910891089
SA_incremental,750,40,4,false,0.05,1,0.05,20,10,2,149453.74846458435,68007,18.703795379537954
genetic_200,750,40,4,false,0.05,1,0.05,20,10,2,300000,73040.0,20
genetic_50,750,40,4,false,0.05,1,0.05,20,10,2,300000,68701.0,18.894664466446645
hill_climbing,750,40,4,false,0.05,1,0.05,20,10,2,300000,77757.0,20
DA_tl_20_npart_0,750,50,4,false,0.05,1,0.05,20,10,0,181671.1759262085,16501,4.4073183760683765
DA_incremental,750,50,4,false,0.05,1,0.05,20,10,0,266971.40678215027,3744,1.0
DA_parallel,750,50,4,false,0.05,1,0.05,20,10,0,158574.15264892578,19616,5.239316239316239
SA_it_1000_npart_0,750,50,4,false,0.05,1,0.05,20,10,0,0,n/a,20
SA_incremental,750,50,4,false,0.05,1,0.05,20,10,0,0,n/a,20
genetic_200,750,50,4,false,0.05,1,0.05,20,10,0,0,n/a,20
genetic_50,750,50,4,false,0.05,1,0.05,20,10,0,0,n/a,20
hill_climbing,750,50,4,false,0.05,1,0.05,20,10,0,0,n/a,20
DA_tl_20_npart_0,750,50,4,false,0.05,1,0.05,20,10,1,177336.24591636658,5695,1.6720493247210804
DA_incremental,750,50,4,false,0.05,1,0.05,20,10,1,211621.70530509952,3406,1.0
DA_parallel,750,50,4,false,0.05,1,0.05,20,10,1,137507.56116867065,10781,3.165296535525543
SA_it_1000_npart_0,750,50,4,false,0.05,1,0.05,20,10,1,0,n/a,20
SA_incremental,750,50,4,false,0.05,1,0.05,20,10,1,0,n/a,20
genetic_200,750,50,4,false,0.05,1,0.05,20,10,1,0,n/a,20
genetic_50,750,50,4,false,0.05,1,0.05,20,10,1,0,n/a,20
hill_climbing,750,50,4,false,0.05,1,0.05,20,10,1,0,n/a,20
DA_tl_20_npart_0,750,50,4,false,0.05,1,0.05,20,10,2,236655.14279556274,17860,5.005605381165919
DA_incremental,750,50,4,false,0.05,1,0.05,20,10,2,258148.2409076691,3568,1.0
DA_parallel,750,50,4,false,0.05,1,0.05,20,10,2,145907.1318874359,22221,6.227858744394619
SA_it_1000_npart_0,750,50,4,false,0.05,1,0.05,20,10,2,0,n/a,20
SA_incremental,750,50,4,false,0.05,1,0.05,20,10,2,0,n/a,20
genetic_200,750,50,4,false,0.05,1,0.05,20,10,2,0,n/a,20
genetic_50,750,50,4,false,0.05,1,0.05,20,10,2,0,n/a,20
hill_climbing,750,50,4,false,0.05,1,0.05,20,10,2,0,n/a,20
DA_tl_20_npart_0,1000,20,4,false,0.05,1,0.05,20,10,0,68782.90236282347,5386,1.3491983967935872
DA_incremental,1000,20,4,false,0.05,1,0.05,20,10,0,108934.69723129271,3992,1.0
DA_parallel,1000,20,4,false,0.05,1,0.05,20,10,0,70579.09261131287,11658,2.9203406813627253
SA_it_1000_npart_0,1000,20,4,false,0.05,1,0.05,20,10,0,311996.1943626404,88649,20
SA_incremental,1000,20,4,false,0.05,1,0.05,20,10,0,82868.54338645935,84279,20
genetic_200,1000,20,4,false,0.05,1,0.05,20,10,0,0,n/a,20
genetic_50,1000,20,4,false,0.05,1,0.05,20,10,0,0,n/a,20
hill_climbing,1000,20,4,false,0.05,1,0.05,20,10,0,0,n/a,20
DA_tl_20_npart_0,1000,20,4,false,0.05,1,0.05,20,10,1,70082.96707534791,9413,3.031561996779388
DA_incremental,1000,20,4,false,0.05,1,0.05,20,10,1,127043.68501853943,3105,1.0
DA_parallel,1000,20,4,false,0.05,1,0.05,20,10,1,72136.7755279541,9399,3.0270531400966183
SA_it_1000_npart_0,1000,20,4,false,0.05,1,0.05,20,10,1,370574.0342140198,91307,20
SA_incremental,1000,20,4,false,0.05,1,0.05,20,10,1,91229.9439907074,88245,20
genetic_200,1000,20,4,false,0.05,1,0.05,20,10,1,0,n/a,20
genetic_50,1000,20,4,false,0.05,1,0.05,20,10,1,0,n/a,20
hill_climbing,1000,20,4,false,0.05,1,0.05,20,10,1,0,n/a,20
DA_tl_20_npart_0,1000,20,4,false,0.05,1,0.05,20,10,2,65536.62198257446,15128,4.646191646191646
DA_incremental,1000,20,4,false,0.05,1,0.05,20,10,2,107743.82457733154,3256,1.0
DA_parallel,1000,20,4,false,0.05,1,0.05,20,10,2,67357.37989616394,11966,3.675061425061425
SA_it_1000_npart_0,1000,20,4,false,0.05,1,0.05,20,10,2,320375.2429485321,93344,20
SA_incremental,1000,20,4,false,0.05,1,0.05,20,10,2,83899.09863471985,88797,20
genetic_200,1000,20,4,false,0.05,1,0.05,20,10,2,0,n/a,20
genetic_50,1000,20,4,false,0.05,1,0.05,20,10,2,0,n/a,20
hill_climbing,1000,20,4,false,0.05,1,0.05,20,10,2,0,n/a,20
DA_tl_20_npart_0,1000,40,4,false,0.05,1,0.05,20,10,0,186645.62609100342,22718,7.32130196583951
DA_incremental,1000,40,4,false,0.05,1,0.05,20,10,0,304833.7134227753,3103,1.0
DA_parallel,1000,40,4,false,0.05,1,0.05,20,10,0,149424.88737487793,30269,9.754753464389301
SA_it_1000_npart_0,1000,40,4,false,0.05,1,0.05,20,10,0,998660.4559421539,96895,20
SA_incremental,1000,40,4,false,0.05,1,0.05,20,10,0,243736.81211471558,93026,20
genetic_200,1000,40,4,false,0.05,1,0.05,20,10,0,0,n/a,20
genetic_50,1000,40,4,false,0.05,1,0.05,20,10,0,0,n/a,20
hill_climbing,1000,40,4,false,0.05,1,0.05,20,10,0,0,n/a,20
DA_tl_20_npart_0,1000,40,4,false,0.05,1,0.05,20,10,1,260967.14763259888,21561,6.407429420505201
DA_incremental,1000,40,4,false,0.05,1,0.05,20,10,1,335285.02349472046,3365,1.0
DA_parallel,1000,40,4,false,0.05,1,0.05,20,10,1,193341.5295200348,28745,8.542347696879643
SA_it_1000_npart_0,1000,40,4,false,0.05,1,0.05,20,10,1,1579178.3170700073,95583,20
SA_incremental,1000,40,4,false,0.05,1,0.05,20,10,1,308352.97894477844,92488,20
genetic_200,1000,40,4,false,0.05,1,0.05,20,10,1,0,n/a,20
genetic_50,1000,40,4,false,0.05,1,0.05,20,10,1,0,n/a,20
hill_climbing,1000,40,4,false,0.05,1,0.05,20,10,1,0,n/a,20
DA_tl_20_npart_0,1000,40,4,false,0.05,1,0.05,20,10,2,117651.63130760193,4554,1.2118147951037785
DA_incremental,1000,40,4,false,0.05,1,0.05,20,10,2,238345.94025993347,3758,1.0
DA_parallel,1000,40,4,false,0.05,1,0.05,20,10,2,115300.82465744019,15119,4.023150612027674
SA_it_1000_npart_0,1000,40,4,false,0.05,1,0.05,20,10,2,551867.9552078247,72864,19.389036721660457
SA_incremental,1000,40,4,false,0.05,1,0.05,20,10,2,178453.28307151794,71152,18.93347525279404
genetic_200,1000,40,4,false,0.05,1,0.05,20,10,2,0,n/a,20
genetic_50,1000,40,4,false,0.05,1,0.05,20,10,2,0,n/a,20
hill_climbing,1000,40,4,false,0.05,1,0.05,20,10,2,0,n/a,20
DA_tl_20_npart_0,1000,50,4,false,0.05,1,0.05,20,10,0,0,n/a,20
DA_incremental,1000,50,4,false,0.05,1,0.05,20,10,0,0,n/a,20
DA_parallel,1000,50,4,false,0.05,1,0.05,20,10,0,0,n/a,20
SA_it_1000_npart_0,1000,50,4,false,0.05,1,0.05,20,10,0,0,n/a,20
SA_incremental,1000,50,4,false,0.05,1,0.05,20,10,0,0,n/a,20
genetic_200,1000,50,4,false,0.05,1,0.05,20,10,0,0,n/a,20
genetic_50,1000,50,4,false,0.05,1,0.05,20,10,0,0,n/a,20
hill_climbing,1000,50,4,false,0.05,1,0.05,20,10,0,0,n/a,20
DA_tl_20_npart_0,1000,50,4,false,0.05,1,0.05,20,10,1,0,n/a,20
DA_incremental,1000,50,4,false,0.05,1,0.05,20,10,1,0,n/a,20
DA_parallel,1000,50,4,false,0.05,1,0.05,20,10,1,0,n/a,20
SA_it_1000_npart_0,1000,50,4,false,0.05,1,0.05,20,10,1,0,n/a,20
SA_incremental,1000,50,4,false,0.05,1,0.05,20,10,1,0,n/a,20
genetic_200,1000,50,4,false,0.05,1,0.05,20,10,1,0,n/a,20
genetic_50,1000,50,4,false,0.05,1,0.05,20,10,1,0,n/a,20
hill_climbing,1000,50,4,false,0.05,1,0.05,20,10,1,0,n/a,20
DA_tl_20_npart_0,1000,50,4,false,0.05,1,0.05,20,10,2,0,n/a,20
DA_incremental,1000,50,4,false,0.05,1,0.05,20,10,2,0,n/a,20
DA_parallel,1000,50,4,false,0.05,1,0.05,20,10,2,0,n/a,20
SA_it_1000_npart_0,1000,50,4,false,0.05,1,0.05,20,10,2,0,n/a,20
SA_incremental,1000,50,4,false,0.05,1,0.05,20,10,2,0,n/a,20
genetic_200,1000,50,4,false,0.05,1,0.05,20,10,2,0,n/a,20
genetic_50,1000,50,4,false,0.05,1,0.05,20,10,2,0,n/a,20
hill_climbing,1000,50,4,false,0.05,1,0.05,20,10,2,0,n/a,20
DA_tl_20_npart_0,250,30,4,false,0.05,0.25,0.05,20,10,0,24132.29935836792,3949,1.0
DA_incremental,250,30,4,false,0.05,0.25,0.05,20,10,0,37671.67246246338,4080,1.0331729551785263
DA_parallel,250,30,4,false,0.05,0.25,0.05,20,10,0,24144.9095211029,5383,1.3631299063053939
SA_it_1000_npart_0,250,30,4,false,0.05,0.25,0.05,20,10,0,0,n/a,20
SA_incremental,250,30,4,false,0.05,0.25,0.05,20,10,0,0,n/a,20
HQA_incremental,250,30,4,false,0.05,0.25,0.05,20,10,0,0,n/a,20
genetic_200,250,30,4,false,0.05,0.25,0.05,20,10,0,0,n/a,20
genetic_50,250,30,4,false,0.05,0.25,0.05,20,10,0,0,n/a,20
hill_climbing,250,30,4,false,0.05,0.25,0.05,20,10,0,0,n/a,20
DA_tl_20_npart_0,250,30,4,false,0.05,0.25,0.05,20,10,1,23712.65261077881,3820,1.0
DA_incremental,250,30,4,false,0.05,0.25,0.05,20,10,1,37633.3041305542,4097,1.0725130890052357
DA_parallel,250,30,4,false,0.05,0.25,0.05,20,10,1,23716.909910202026,5587,1.462565445026178
SA_it_1000_npart_0,250,30,4,false,0.05,0.25,0.05,20,10,1,0,n/a,20
SA_incremental,250,30,4,false,0.05,0.25,0.05,20,10,1,0,n/a,20
genetic_200,250,30,4,false,0.05,0.25,0.05,20,10,1,0,n/a,20
genetic_50,250,30,4,false,0.05,0.25,0.05,20,10,1,0,n/a,20
hill_climbing,250,30,4,false,0.05,0.25,0.05,20,10,1,0,n/a,20
DA_tl_20_npart_0,250,30,4,false,0.05,0.25,0.05,20,10,2,23832.678340911865,3855,1.0070532915360502
DA_incremental,250,30,4,false,0.05,0.25,0.05,20,10,2,36506.5246963501,3828,1.0
DA_parallel,250,30,4,false,0.05,0.25,0.05,20,10,2,24159.820413589478,5205,1.359717868338558
SA_it_1000_npart_0,250,30,4,false,0.05,0.25,0.05,20,10,2,0,n/a,20
SA_incremental,250,30,4,false,0.05,0.25,0.05,20,10,2,0,n/a,20
genetic_200,250,30,4,false,0.05,0.25,0.05,20,10,2,0,n/a,20
genetic_50,250,30,4,false,0.05,0.25,0.05,20,10,2,0,n/a,20
hill_climbing,250,30,4,false,0.05,0.25,0.05,20,10,2,0,n/a,20
DA_tl_20_npart_0,250,30,4,false,0.05,0.5,0.05,20,10,0,25015.64811897278,3989,1.054732945531465
DA_incremental,250,30,4,false,0.05,0.5,0.05,20,10,0,37770.78137969971,3782,1.0
DA_parallel,250,30,4,false,0.05,0.5,0.05,20,10,0,23788.19091796875,5971,1.5787942887361184
SA_it_1000_npart_0,250,30,4,false,0.05,0.5,0.05,20,10,0,0,n/a,20
SA_incremental,250,30,4,false,0.05,0.5,0.05,20,10,0,0,n/a,20
HQA_incremental,250,30,4,false,0.05,0.5,0.05,20,10,0,0,n/a,20
genetic_200,250,30,4,false,0.05,0.5,0.05,20,10,0,0,n/a,20
genetic_50,250,30,4,false,0.05,0.5,0.05,20,10,0,0,n/a,20
hill_climbing,250,30,4,false,0.05,0.5,0.05,20,10,0,0,n/a,20
DA_tl_20_npart_0,250,30,4,false,0.05,0.5,0.05,20,10,1,23850.44158554077,4139,1.0946839460460196
DA_incremental,250,30,4,false,0.05,0.5,0.05,20,10,1,36585.63059425355,3781,1.0
DA_parallel,250,30,4,false,0.05,0.5,0.05,20,10,1,23593.48225402832,6097,1.61253636604073
SA_it_1000_npart_0,250,30,4,false,0.05,0.5,0.05,20,10,1,0,n/a,20
SA_incremental,250,30,4,false,0.05,0.5,0.05,20,10,1,0,n/a,20
genetic_200,250,30,4,false,0.05,0.5,0.05,20,10,1,0,n/a,20
genetic_50,250,30,4,false,0.05,0.5,0.05,20,10,1,0,n/a,20
hill_climbing,250,30,4,false,0.05,0.5,0.05,20,10,1,0,n/a,20
DA_tl_20_npart_0,250,30,4,false,0.05,0.5,0.05,20,10,2,24017.41334915161,3905,1.0
DA_incremental,250,30,4,false,0.05,0.5,0.05,20,10,2,36102.42423629761,4348,1.1134443021766964
DA_parallel,250,30,4,false,0.05,0.5,0.05,20,10,2,23861.539123535156,5656,1.4483994878361075
SA_it_1000_npart_0,250,30,4,false,0.05,0.5,0.05,20,10,2,0,n/a,20
SA_incremental,250,30,4,false,0.05,0.5,0.05,20,10,2,0,n/a,20
genetic_200,250,30,4,false,0.05,0.5,0.05,20,10,2,0,n/a,20
genetic_50,250,30,4,false,0.05,0.5,0.05,20,10,2,0,n/a,20
hill_climbing,250,30,4,false,0.05,0.5,0.05,20,10,2,0,n/a,20
DA_tl_20_npart_0,250,30,4,false,0.05,0.75,0.05,20,10,0,23436.501657485962,3922,1.0321052631578946
DA_incremental,250,30,4,false,0.05,0.75,0.05,20,10,0,36188.91272163391,3800,1.0
DA_parallel,250,30,4,false,0.05,0.75,0.05,20,10,0,23494.567415237427,5894,1.5510526315789475
SA_it_1000_npart_0,250,30,4,false,0.05,0.75,0.05,20,10,0,0,n/a,20
SA_incremental,250,30,4,false,0.05,0.75,0.05,20,10,0,0,n/a,20
HQA_incremental,250,30,4,false,0.05,0.75,0.05,20,10,0,0,n/a,20
genetic_200,250,30,4,false,0.05,0.75,0.05,20,10,0,0,n/a,20
genetic_50,250,30,4,false,0.05,0.75,0.05,20,10,0,0,n/a,20
hill_climbing,250,30,4,false,0.05,0.75,0.05,20,10,0,0,n/a,20
DA_tl_20_npart_0,250,30,4,false,0.05,0.75,0.05,20,10,1,27008.371417999268,4080,1.0597402597402596
DA_incremental,250,30,4,false,0.05,0.75,0.05,20,10,1,39471.434005737305,3850,1.0
DA_parallel,250,30,4,false,0.05,0.75,0.05,20,10,1,24716.099279403687,5694,1.478961038961039
SA_it_1000_npart_0,250,30,4,false,0.05,0.75,0.05,20,10,1,0,n/a,20
SA_incremental,250,30,4,false,0.05,0.75,0.05,20,10,1,0,n/a,20
genetic_200,250,30,4,false,0.05,0.75,0.05,20,10,1,0,n/a,20
genetic_50,250,30,4,false,0.05,0.75,0.05,20,10,1,0,n/a,20
hill_climbing,250,30,4,false,0.05,0.75,0.05,20,10,1,0,n/a,20
DA_tl_20_npart_0,250,30,4,false,0.05,0.75,0.05,20,10,2,27019.76802253723,4043,1.0243222700785406
DA_incremental,250,30,4,false,0.05,0.75,0.05,20,10,2,38666.86952400208,3947,1.0
DA_parallel,250,30,4,false,0.05,0.75,0.05,20,10,2,26398.23534965515,4811,1.218900430706866
SA_it_1000_npart_0,250,30,4,false,0.05,0.75,0.05,20,10,2,0,n/a,20
SA_incremental,250,30,4,false,0.05,0.75,0.05,20,10,2,0,n/a,20
genetic_200,250,30,4,false,0.05,0.75,0.05,20,10,2,0,n/a,20
genetic_50,250,30,4,false,0.05,0.75,0.05,20,10,2,0,n/a,20
hill_climbing,250,30,4,false,0.05,0.75,0.05,20,10,2,0,n/a,20
DA_tl_20_npart_0,500,30,4,false,0.05,0.25,0.05,20,10,0,33831.38517379761,3769,1.0400110375275937
DA_incremental,500,30,4,false,0.05,0.25,0.05,20,10,0,55752.856689453125,3624,1.0
DA_parallel,500,30,4,false,0.05,0.25,0.05,20,10,0,34741.99488067628,8281,2.2850441501103753
SA_it_1000_npart_0,500,30,4,false,0.05,0.25,0.05,20,10,0,0,n/a,20
SA_incremental,500,30,4,false,0.05,0.25,0.05,20,10,0,0,n/a,20
HQA_incremental,500,30,4,false,0.05,0.25,0.05,20,10,0,0,n/a,20
genetic_200,500,30,4,false,0.05,0.25,0.05,20,10,0,0,n/a,20
genetic_50,500,30,4,false,0.05,0.25,0.05,20,10,0,0,n/a,20
hill_climbing,500,30,4,false,0.05,0.25,0.05,20,10,0,0,n/a,20
DA_tl_20_npart_0,500,30,4,false,0.05,0.25,0.05,20,10,1,33324.27038574219,3885,1.0
DA_incremental,500,30,4,false,0.05,0.25,0.05,20,10,1,64291.35078048707,4511,1.1611325611325611
DA_parallel,500,30,4,false,0.05,0.25,0.05,20,10,1,33787.144895553596,8573,2.2066924066924067
SA_it_1000_npart_0,500,30,4,false,0.05,0.25,0.05,20,10,1,0,n/a,20
SA_incremental,500,30,4,false,0.05,0.25,0.05,20,10,1,0,n/a,20
genetic_200,500,30,4,false,0.05,0.25,0.05,20,10,1,0,n/a,20
genetic_50,500,30,4,false,0.05,0.25,0.05,20,10,1,0,n/a,20
hill_climbing,500,30,4,false,0.05,0.25,0.05,20,10,1,0,n/a,20
DA_tl_20_npart_0,500,30,4,false,0.05,0.25,0.05,20,10,2,38407.163314819336,4810,1.3606789250353606
DA_incremental,500,30,4,false,0.05,0.25,0.05,20,10,2,57526.17855453491,3535,1.0
DA_parallel,500,30,4,false,0.05,0.25,0.05,20,10,2,39238.52021217346,7188,2.0333804809052336
SA_it_1000_npart_0,500,30,4,false,0.05,0.25,0.05,20,10,2,0,n/a,20
SA_incremental,500,30,4,false,0.05,0.25,0.05,20,10,2,0,n/a,20
genetic_200,500,30,4,false,0.05,0.25,0.05,20,10,2,0,n/a,20
genetic_50,500,30,4,false,0.05,0.25,0.05,20,10,2,0,n/a,20
hill_climbing,500,30,4,false,0.05,0.25,0.05,20,10,2,0,n/a,20
DA_tl_20_npart_0,500,30,4,false,0.05,0.5,0.05,20,10,0,44051.43032455444,6521,1.6981770833333334
DA_incremental,500,30,4,false,0.05,0.5,0.05,20,10,0,63290.3882484436,3840,1.0
DA_parallel,500,30,4,false,0.05,0.5,0.05,20,10,0,40161.37817001343,9032,2.3520833333333333
SA_it_1000_npart_0,500,30,4,false,0.05,0.5,0.05,20,10,0,0,n/a,20
SA_incremental,500,30,4,false,0.05,0.5,0.05,20,10,0,0,n/a,20
HQA_incremental,500,30,4,false,0.05,0.5,0.05,20,10,0,0,n/a,20
genetic_200,500,30,4,false,0.05,0.5,0.05,20,10,0,0,n/a,20
genetic_50,500,30,4,false,0.05,0.5,0.05,20,10,0,0,n/a,20
hill_climbing,500,30,4,false,0.05,0.5,0.05,20,10,0,0,n/a,20
DA_tl_20_npart_0,500,30,4,false,0.05,0.5,0.05,20,10,1,39940.332624435425,4571,1.2627071823204419
DA_incremental,500,30,4,false,0.05,0.5,0.05,20,10,1,63206.757331848145,3620,1.0
DA_parallel,500,30,4,false,0.05,0.5,0.05,20,10,1,35164.747667312615,8845,2.4433701657458564
SA_it_1000_npart_0,500,30,4,false,0.05,0.5,0.05,20,10,1,0,n/a,20
SA_incremental,500,30,4,false,0.05,0.5,0.05,20,10,1,0,n/a,20
genetic_200,500,30,4,false,0.05,0.5,0.05,20,10,1,0,n/a,20
genetic_50,500,30,4,false,0.05,0.5,0.05,20,10,1,0,n/a,20
hill_climbing,500,30,4,false,0.05,0.5,0.05,20,10,1,0,n/a,20
DA_tl_20_npart_0,500,30,4,false,0.05,0.5,0.05,20,10,2,48711.19639778137,6849,1.9206393718452046
DA_incremental,500,30,4,false,0.05,0.5,0.05,20,10,2,60956.33232688903,3566,1.0
DA_parallel,500,30,4,false,0.05,0.5,0.05,20,10,2,47795.73498725891,7052,1.9775659001682557
SA_it_1000_npart_0,500,30,4,false,0.05,0.5,0.05,20,10,2,0,n/a,20
SA_incremental,500,30,4,false,0.05,0.5,0.05,20,10,2,0,n/a,20
genetic_200,500,30,4,false,0.05,0.5,0.05,20,10,2,0,n/a,20
genetic_50,500,30,4,false,0.05,0.5,0.05,20,10,2,0,n/a,20
hill_climbing,500,30,4,false,0.05,0.5,0.05,20,10,2,0,n/a,20
DA_tl_20_npart_0,500,30,4,false,0.05,0.75,0.05,20,10,0,36544.97647476196,4263,1.1331738437001595
DA_incremental,500,30,4,false,0.05,0.75,0.05,20,10,0,56800.27616882324,3762,1.0
DA_parallel,500,30,4,false,0.05,0.75,0.05,20,10,0,35576.420101165764,7817,2.0778841041998937
SA_it_1000_npart_0,500,30,4,false,0.05,0.75,0.05,20,10,0,0,n/a,20
SA_incremental,500,30,4,false,0.05,0.75,0.05,20,10,0,0,n/a,20
HQA_incremental,500,30,4,false,0.05,0.75,0.05,20,10,0,0,n/a,20
genetic_200,500,30,4,false,0.05,0.75,0.05,20,10,0,0,n/a,20
genetic_50,500,30,4,false,0.05,0.75,0.05,20,10,0,0,n/a,20
hill_climbing,500,30,4,false,0.05,0.75,0.05,20,10,0,0,n/a,20
DA_tl_20_npart_0,500,30,4,false,0.05,0.75,0.05,20,10,1,71185.67425918579,5895,1.557052297939778
DA_incremental,500,30,4,false,0.05,0.75,0.05,20,10,1,82569.93422317503,3786,1.0
DA_parallel,500,30,4,false,0.05,0.75,0.05,20,10,1,59214.880783081055,10514,2.7770734284204965
SA_it_1000_npart_0,500,30,4,false,0.05,0.75,0.05,20,10,1,0,n/a,20
SA_incremental,500,30,4,false,0.05,0.75,0.05,20,10,1,0,n/a,20
genetic_200,500,30,4,false,0.05,0.75,0.05,20,10,1,0,n/a,20
genetic_50,500,30,4,false,0.05,0.75,0.05,20,10,1,0,n/a,20
hill_climbing,500,30,4,false,0.05,0.75,0.05,20,10,1,0,n/a,20
DA_tl_20_npart_0,500,30,4,false,0.05,0.75,0.05,20,10,2,44309.40273094177,6540,1.640742599096839
DA_incremental,500,30,4,false,0.05,0.75,0.05,20,10,2,63781.20026588439,3986,1.0
DA_parallel,500,30,4,false,0.05,0.75,0.05,20,10,2,41152.74507713318,6837,1.715253386853989
SA_it_1000_npart_0,500,30,4,false,0.05,0.75,0.05,20,10,2,0,n/a,20
SA_incremental,500,30,4,false,0.05,0.75,0.05,20,10,2,0,n/a,20
genetic_200,500,30,4,false,0.05,0.75,0.05,20,10,2,0,n/a,20
genetic_50,500,30,4,false,0.05,0.75,0.05,20,10,2,0,n/a,20
hill_climbing,500,30,4,false,0.05,0.75,0.05,20,10,2,0,n/a,20
DA_tl_20_npart_0,750,30,4,false,0.05,0.25,0.05,20,10,0,62569.427154541016,5040,1.4031180400890868
DA_incremental,750,30,4,false,0.05,0.25,0.05,20,10,0,98759.65915870665,3592,1.0
DA_parallel,750,30,4,false,0.05,0.25,0.05,20,10,0,61046.95116233826,10353,2.882238307349666
SA_it_1000_npart_0,750,30,4,false,0.05,0.25,0.05,20,10,0,0,n/a,20
SA_incremental,750,30,4,false,0.05,0.25,0.05,20,10,0,0,n/a,20
genetic_200,750,30,4,false,0.05,0.25,0.05,20,10,0,0,n/a,20
genetic_50,750,30,4,false,0.05,0.25,0.05,20,10,0,0,n/a,20
hill_climbing,750,30,4,false,0.05,0.25,0.05,20,10,0,0,n/a,20
DA_tl_20_npart_0,750,30,4,false,0.05,0.25,0.05,20,10,1,48559.99809837341,3429,1.0
DA_incremental,750,30,4,false,0.05,0.25,0.05,20,10,1,94945.88667297363,3766,1.0982793817439487
DA_parallel,750,30,4,false,0.05,0.25,0.05,20,10,1,54383.003887176514,11828,3.449402158063575
SA_it_1000_npart_0,750,30,4,false,0.05,0.25,0.05,20,10,1,0,n/a,20
SA_incremental,750,30,4,false,0.05,0.25,0.05,20,10,1,0,n/a,20
genetic_200,750,30,4,false,0.05,0.25,0.05,20,10,1,0,n/a,20
genetic_50,750,30,4,false,0.05,0.25,0.05,20,10,1,0,n/a,20
hill_climbing,750,30,4,false,0.05,0.25,0.05,20,10,1,0,n/a,20
DA_tl_20_npart_0,750,30,4,false,0.05,0.25,0.05,20,10,2,48747.60708808899,4440,1.2271973466003316
DA_incremental,750,30,4,false,0.05,0.25,0.05,20,10,2,86090.07280540466,3618,1.0
DA_parallel,750,30,4,false,0.05,0.25,0.05,20,10,2,57261.43096160889,12215,3.3761746821448315
SA_it_1000_npart_0,750,30,4,false,0.05,0.25,0.05,20,10,2,0,n/a,20
SA_incremental,750,30,4,false,0.05,0.25,0.05,20,10,2,0,n/a,20
genetic_200,750,30,4,false,0.05,0.25,0.05,20,10,2,0,n/a,20
genetic_50,750,30,4,false,0.05,0.25,0.05,20,10,2,0,n/a,20
hill_climbing,750,30,4,false,0.05,0.25,0.05,20,10,2,0,n/a,20
DA_tl_20_npart_0,750,30,4,false,0.05,0.5,0.05,20,10,0,54483.71615028381,6589,1.9076433121019107
DA_incremental,750,30,4,false,0.05,0.5,0.05,20,10,0,92970.89727592468,3454,1.0
DA_parallel,750,30,4,false,0.05,0.5,0.05,20,10,0,55472.555513381965,12786,3.7017950202663576
SA_it_1000_npart_0,750,30,4,false,0.05,0.5,0.05,20,10,0,0,n/a,20
SA_incremental,750,30,4,false,0.05,0.5,0.05,20,10,0,0,n/a,20
genetic_200,750,30,4,false,0.05,0.5,0.05,20,10,0,0,n/a,20
genetic_50,750,30,4,false,0.05,0.5,0.05,20,10,0,0,n/a,20
hill_climbing,750,30,4,false,0.05,0.5,0.05,20,10,0,0,n/a,20
DA_tl_20_npart_0,750,30,4,false,0.05,0.5,0.05,20,10,1,64417.21367073059,9856,2.626865671641791
DA_incremental,750,30,4,false,0.05,0.5,0.05,20,10,1,97912.6007862091,3752,1.0
DA_parallel,750,30,4,false,0.05,0.5,0.05,20,10,1,60011.13347053528,12783,3.4069829424307034
SA_it_1000_npart_0,750,30,4,false,0.05,0.5,0.05,20,10,1,0,n/a,20
SA_incremental,750,30,4,false,0.05,0.5,0.05,20,10,1,0,n/a,20
genetic_200,750,30,4,false,0.05,0.5,0.05,20,10,1,0,n/a,20
genetic_50,750,30,4,false,0.05,0.5,0.05,20,10,1,0,n/a,20
hill_climbing,750,30,4,false,0.05,0.5,0.05,20,10,1,0,n/a,20
DA_tl_20_npart_0,750,30,4,false,0.05,0.5,0.05,20,10,2,55123.76138305664,5695,1.5564361847499317
DA_incremental,750,30,4,false,0.05,0.5,0.05,20,10,2,84114.66268539429,3659,1.0
DA_parallel,750,30,4,false,0.05,0.5,0.05,20,10,2,54401.57339668273,12799,3.4979502596337797
SA_it_1000_npart_0,750,30,4,false,0.05,0.5,0.05,20,10,2,0,n/a,20
SA_incremental,750,30,4,false,0.05,0.5,0.05,20,10,2,0,n/a,20
genetic_200,750,30,4,false,0.05,0.5,0.05,20,10,2,0,n/a,20
genetic_50,750,30,4,false,0.05,0.5,0.05,20,10,2,0,n/a,20
hill_climbing,750,30,4,false,0.05,0.5,0.05,20,10,2,0,n/a,20
DA_tl_20_npart_0,750,30,4,false,0.05,0.75,0.05,20,10,0,74164.90074539185,9413,2.379423660262892
DA_incremental,750,30,4,false,0.05,0.75,0.05,20,10,0,117424.62109565735,3956,1.0
DA_parallel,750,30,4,false,0.05,0.75,0.05,20,10,0,65345.29626083373,16337,4.129676440849343
SA_it_1000_npart_0,750,30,4,false,0.05,0.75,0.05,20,10,0,0,n/a,20
SA_incremental,750,30,4,false,0.05,0.75,0.05,20,10,0,0,n/a,20
genetic_200,750,30,4,false,0.05,0.75,0.05,20,10,0,0,n/a,20
genetic_50,750,30,4,false,0.05,0.75,0.05,20,10,0,0,n/a,20
hill_climbing,750,30,4,false,0.05,0.75,0.05,20,10,0,0,n/a,20
DA_tl_20_npart_0,750,30,4,false,0.05,0.75,0.05,20,10,1,59692.51326560974,4711,1.2226836231507916
DA_incremental,750,30,4,false,0.05,0.75,0.05,20,10,1,95055.1334991455,3853,1.0
DA_parallel,750,30,4,false,0.05,0.75,0.05,20,10,1,56331.88039207458,14364,3.728004152608357
SA_it_1000_npart_0,750,30,4,false,0.05,0.75,0.05,20,10,1,0,n/a,20
SA_incremental,750,30,4,false,0.05,0.75,0.05,20,10,1,0,n/a,20
genetic_200,750,30,4,false,0.05,0.75,0.05,20,10,1,0,n/a,20
genetic_50,750,30,4,false,0.05,0.75,0.05,20,10,1,0,n/a,20
hill_climbing,750,30,4,false,0.05,0.75,0.05,20,10,1,0,n/a,20
DA_tl_20_npart_0,750,30,4,false,0.05,0.75,0.05,20,10,2,50972.22830963135,3560,1.0
DA_incremental,750,30,4,false,0.05,0.75,0.05,20,10,2,80958.14467430113,4907,1.378370786516854
DA_parallel,750,30,4,false,0.05,0.75,0.05,20,10,2,51768.2744216919,14368,4.035955056179775
SA_it_1000_npart_0,750,30,4,false,0.05,0.75,0.05,20,10,2,0,n/a,20
SA_incremental,750,30,4,false,0.05,0.75,0.05,20,10,2,0,n/a,20
genetic_200,750,30,4,false,0.05,0.75,0.05,20,10,2,0,n/a,20
genetic_50,750,30,4,false,0.05,0.75,0.05,20,10,2,0,n/a,20
hill_climbing,750,30,4,false,0.05,0.75,0.05,20,10,2,0,n/a,20
DA_tl_20_npart_0,1000,30,4,false,0.05,0.25,0.05,20,10,0,82611.20105552673,10648,2.957777777777778
DA_incremental,1000,30,4,false,0.05,0.25,0.05,20,10,0,138424.86823654175,3600,1.0
DA_parallel,1000,30,4,false,0.05,0.25,0.05,20,10,0,83510.275390625,14186,3.9405555555555556
SA_it_1000_npart_0,1000,30,4,false,0.05,0.25,0.05,20,10,0,0,n/a,20
SA_incremental,1000,30,4,false,0.05,0.25,0.05,20,10,0,0,n/a,20
genetic_200,1000,30,4,false,0.05,0.25,0.05,20,10,0,0,n/a,20
genetic_50,1000,30,4,false,0.05,0.25,0.05,20,10,0,0,n/a,20
hill_climbing,1000,30,4,false,0.05,0.25,0.05,20,10,0,0,n/a,20
DA_tl_20_npart_0,1000,30,4,false,0.05,0.25,0.05,20,10,1,87136.49158287048,10681,2.951367781155015
DA_incremental,1000,30,4,false,0.05,0.25,0.05,20,10,1,167606.55770874023,3619,1.0
DA_parallel,1000,30,4,false,0.05,0.25,0.05,20,10,1,101090.63362503053,25859,7.145344017684443
SA_it_1000_npart_0,1000,30,4,false,0.05,0.25,0.05,20,10,1,0,n/a,20
SA_incremental,1000,30,4,false,0.05,0.25,0.05,20,10,1,0,n/a,20
genetic_200,1000,30,4,false,0.05,0.25,0.05,20,10,1,0,n/a,20
genetic_50,1000,30,4,false,0.05,0.25,0.05,20,10,1,0,n/a,20
hill_climbing,1000,30,4,false,0.05,0.25,0.05,20,10,1,0,n/a,20
DA_tl_20_npart_0,1000,30,4,false,0.05,0.25,0.05,20,10,2,68010.32811355591,4383,1.2872246696035243
DA_incremental,1000,30,4,false,0.05,0.25,0.05,20,10,2,130311.26183319092,3405,1.0
DA_parallel,1000,30,4,false,0.05,0.25,0.05,20,10,2,84069.77628517151,15703,4.611747430249633
SA_it_1000_npart_0,1000,30,4,false,0.05,0.25,0.05,20,10,2,0,n/a,20
SA_incremental,1000,30,4,false,0.05,0.25,0.05,20,10,2,0,n/a,20
genetic_200,1000,30,4,false,0.05,0.25,0.05,20,10,2,0,n/a,20
genetic_50,1000,30,4,false,0.05,0.25,0.05,20,10,2,0,n/a,20
hill_climbing,1000,30,4,false,0.05,0.25,0.05,20,10,2,0,n/a,20
DA_tl_20_npart_0,1000,30,4,false,0.05,0.5,0.05,20,10,0,106940.11469459534,5500,1.590974833670813
DA_incremental,1000,30,4,false,0.05,0.5,0.05,20,10,0,152994.12302398682,3457,1.0
DA_parallel,1000,30,4,false,0.05,0.5,0.05,20,10,0,87322.33297729492,19827,5.735319641307492
SA_it_1000_npart_0,1000,30,4,false,0.05,0.5,0.05,20,10,0,0,n/a,20
SA_incremental,1000,30,4,false,0.05,0.5,0.05,20,10,0,0,n/a,20
genetic_200,1000,30,4,false,0.05,0.5,0.05,20,10,0,0,n/a,20
genetic_50,1000,30,4,false,0.05,0.5,0.05,20,10,0,0,n/a,20
hill_climbing,1000,30,4,false,0.05,0.5,0.05,20,10,0,0,n/a,20
DA_tl_20_npart_0,1000,30,4,false,0.05,0.5,0.05,20,10,1,149400.81965446472,16156,4.8212473888391525
DA_incremental,1000,30,4,false,0.05,0.5,0.05,20,10,1,161495.9223918915,3351,1.0
DA_parallel,1000,30,4,false,0.05,0.5,0.05,20,10,1,122977.45564842224,27455,8.19307669352432
SA_it_1000_npart_0,1000,30,4,false,0.05,0.5,0.05,20,10,1,0,n/a,20
SA_incremental,1000,30,4,false,0.05,0.5,0.05,20,10,1,0,n/a,20
genetic_200,1000,30,4,false,0.05,0.5,0.05,20,10,1,0,n/a,20
genetic_50,1000,30,4,false,0.05,0.5,0.05,20,10,1,0,n/a,20
hill_climbing,1000,30,4,false,0.05,0.5,0.05,20,10,1,0,n/a,20
DA_tl_20_npart_0,1000,30,4,false,0.05,0.5,0.05,20,10,2,85455.40331840515,7710,2.1386962552011095
DA_incremental,1000,30,4,false,0.05,0.5,0.05,20,10,2,130890.2294445038,3605,1.0
DA_parallel,1000,30,4,false,0.05,0.5,0.05,20,10,2,85381.27524757385,17296,4.797780859916783
SA_it_1000_npart_0,1000,30,4,false,0.05,0.5,0.05,20,10,2,0,n/a,20
SA_incremental,1000,30,4,false,0.05,0.5,0.05,20,10,2,0,n/a,20
genetic_200,1000,30,4,false,0.05,0.5,0.05,20,10,2,0,n/a,20
genetic_50,1000,30,4,false,0.05,0.5,0.05,20,10,2,0,n/a,20
hill_climbing,1000,30,4,false,0.05,0.5,0.05,20,10,2,0,n/a,20
DA_tl_20_npart_0,1000,30,4,false,0.05,0.75,0.05,20,10,0,116872.00345611572,16013,4.315009431420102
DA_incremental,1000,30,4,false,0.05,0.75,0.05,20,10,0,166201.6782054901,3711,1.0
DA_parallel,1000,30,4,false,0.05,0.75,0.05,20,10,0,95555.05979728699,18050,4.863918081379682
SA_it_1000_npart_0,1000,30,4,false,0.05,0.75,0.05,20,10,0,0,n/a,20
SA_incremental,1000,30,4,false,0.05,0.75,0.05,20,10,0,0,n/a,20
genetic_200,1000,30,4,false,0.05,0.75,0.05,20,10,0,0,n/a,20
genetic_50,1000,30,4,false,0.05,0.75,0.05,20,10,0,0,n/a,20
hill_climbing,1000,30,4,false,0.05,0.75,0.05,20,10,0,0,n/a,20
DA_tl_20_npart_0,1000,30,4,false,0.05,0.75,0.05,20,10,1,116493.31283950806,6882,1.9180602006688963
DA_incremental,1000,30,4,false,0.05,0.75,0.05,20,10,1,159479.4737548828,3588,1.0
DA_parallel,1000,30,4,false,0.05,0.75,0.05,20,10,1,90313.69057655334,21011,5.855908584169454
SA_it_1000_npart_0,1000,30,4,false,0.05,0.75,0.05,20,10,1,0,n/a,20
SA_incremental,1000,30,4,false,0.05,0.75,0.05,20,10,1,0,n/a,20
genetic_200,1000,30,4,false,0.05,0.75,0.05,20,10,1,0,n/a,20
genetic_50,1000,30,4,false,0.05,0.75,0.05,20,10,1,0,n/a,20
hill_climbing,1000,30,4,false,0.05,0.75,0.05,20,10,1,0,n/a,20
DA_tl_20_npart_0,1000,30,4,false,0.05,0.75,0.05,20,10,2,85733.00908279419,8177,2.2070175438596493
DA_incremental,1000,30,4,false,0.05,0.75,0.05,20,10,2,134704.53309440613,3705,1.0
DA_parallel,1000,30,4,false,0.05,0.75,0.05,20,10,2,81334.42823028566,19002,5.128744939271255
SA_it_1000_npart_0,1000,30,4,false,0.05,0.75,0.05,20,10,2,0,n/a,20
SA_incremental,1000,30,4,false,0.05,0.75,0.05,20,10,2,0,n/a,20
genetic_200,1000,30,4,false,0.05,0.75,0.05,20,10,2,0,n/a,20
genetic_50,1000,30,4,false,0.05,0.75,0.05,20,10,2,0,n/a,20
hill_climbing,1000,30,4,false,0.05,0.75,0.05,20,10,2,0,n/a,20
